GFREI,Regina,0419N 05208W,,
BRBOB,Borba,0423S 05936W,,
GFGDE,Guadeloupe,0444N 05347W,,
GFQKR,Kourou,0509N 05238W,,
GFSLM,Saint-Laurent-du-Maroni,0530N 05402W,,
IDDOB,Dobo,0545S 13413E,,
IDJKT,"Jakarta, Java",0608S 10650E,,
SSWUU,Wau,0742N 02800E,,
COTRB,Turbo,0805N 07643W,,
VEPLA,Palua,0821N 06240W,,
BRSMA,Sena Madureira,0904S 06839W,,
BRSAG,Santana do Araguaia,0920S 05021W,,
PFHIX,Hiva'Oa,0946S 13900W,,
VNVUT,Vung Tau,1021N 10704E,,
BRLCU,Lagoa da Confusao,1047S 04937W,,
BRCCL,Cacoal,1126S 06127W,,
BRABV,Alto Boa Vista,1141S 05123W,,
BQBON,Bonaire,1207N 06816W,,
CWCUR,Curacao,1210N 06900W,,
VCKTN,Kingstown,1308N 06113W,,
PFNAU,Napuka,1411S 14116W,,
MQLMT,Le Lamentin,1436N 06100W,,
BRPLC,Pontes e Lacerda,1514S 05920W,,
PFFGU,Fangatau,1549S 14053W,,
GPHTB,Terre-de-Bas,1551N 06138W,,
PFTJN,Takume,1551S 14216W,,
PFFHZ,Fakahina,1600S 14010W,,
INGWM,Vijayawada International Airport/Gannavaram,1631N 08037E,,
PFFAC,Faaite,1641S 14520W,,
PFTKV,Tatakoto,1721S 13827W,,
BQEUX,Sint Eustatius,1729N 06258W,,
PFHHZ,Hikueru,1733S 14236W,,
PFFAA,Tahiti Fa'a'a,1733S 14937W,,
BQSAB,Saba,1738N 06314W,,
BOSRZ,Santa Cruz,1747S 06311W,,
SXSXM,Sint-Maarten Apt,1803N 06307W,,
MXCOA,Coatzacoalcos,1808N 09424W,,
PFVHZ,Vahitahi,1847S 13851W,,
PFNUK,Nukutavake,1917S 13846W,,
KYGEC,"Georgetown, Grand Cayman",1918N 08123W,,
CNHKO,Haikou,2002N 11020E,,
NCNEP,Nepoui,2119S 16500E,,
CLTOQ,Tocopilla,2205S 07011W,,
BRABZ,Armacao dos Buzios,2245S 04153W,,
CNNIN,Nanning,2248N 10819E,,
CUMAR,Mariel,2300N 08245W,,
CLTTC,Taltal,2524S 07028W,,
BRPNG,Paranagua,2531S 04830W,,
AEQIW,Umm al Qaiwain,2534N 05533E,,
CNFZH,Fuzhou,2605N 11918E,,
USPEF,Port Everglades,2606N 08008W,,
CLCNR,Chanaral,2621S 07037W,,
CNKJH,Kaili,2635N 10758E,,
CNCSH,Changsha,2812N 11259E,,
USZPH,Zephyrhills,2814N 08210W,,
CNNCH,Nanchang,2840N 11555E,,
LSBUT,Butha-Buthe,2847S 02814E,,
CNCQI,Chongqing,2935N 10633E,,
CLLSC,La Serena,2953S 07114W,,
USJCY,Johnson City,3016N 09824W,,
IRBKM,Bandar Khomeini,3026N 04906E,,
USAWE,Caldwell,3031N 09641W,,
CNNHN,Wuhan,3035N 11417E,,
CNCDU,Chengdu,3040N 10404E,,
EGALY,El Iskandariya (Alexandria),3111N 02955E,,
EGDAM,Dumyat (Damietta),3125N 03149E,,
CNWXS,Wuxi,3134N 12018E,,
CNNJI,Nanjing,3203N 11846E,,
CLVAP,Valparaiso,3302S 07138W,,
USDEU,Decatur,3314N 09735W,,
ARSNS,San Nicolas de los Arroyos,3320S 06014W,,
MACAS,Casablanca,3335N 00736W,,
USGLE,Gainesville,3337N 09708W,,
CNXIA,Xian,3417N 10857E,,
USUOX,Oxford,3421N 08931W,,
ARBUE,Buenos Aires,3435S 05840W,,
JPOSA,Osaka,3440N 13530E,,
USCTZ,Clinton,3459N 07819W,,
USNGI,Carnegie,3506N 09836W,,
USS66,Seligman,3519N 11252W,,
JPYOK,Yokohama,3527N 13939E,,
USCSM,Clinton,3530N 09858W,,
USSRW,Salisbury,3540N 08028W,,
CNQIN,Qingdao,3603N 12019E,,
USGCY,Greenville,3617N 08653W,,
DZSKK,Skikda,3652N 00654E,,
PTSMA,Santa Maria Island Apt,3658N 02510W,,
USUIP,Mountain View,3659N 09142W,,
CNWEI,Weihai,3731N 12207E,,
CNYAT,Yantai,3732N 17124E,,
GRAGT,Agio Theodoroi,3755N 02307E,,
PTSIE,Sines,3757N 00852W,,
USLUI,Louisville,3814N 08546W,,
USMVN,Mount Vernon,3819N 08854W,,
USSLO,Salem,3837N 08856W,,
CNDAL,Dalian,3855N 12136E,,
CNTNJ,Tianjin,3902N 11712E,,
USRTT,Marietta,3924N 08127W,,
CNPKX,Daxing,3930N 11625E,,
CLCRR,Corral,3952S 07326W,,
AZGYD,Heydar Aliyev International Apt.,4028N 05002E,,
TRTEK,Tekirdag,4058N 02731E,,
USAKH,Akron,4104N 08132W,,
TRISL,Istanbul New Airport,4116N 02845E,,
USSTQ,Saint Marys,4124N 07830W,,
USVPZ,Valparaiso,4128N 08703W,,
FRPRP,Propriano,4141N 00854E,,
USJOY,Johnson City,4207N 07557W,,
USOIG,Corning,4208N 07703W,,
USSXY,Sidney,4218N 07525W,,
FRTAB,Tarbes,4314N 00004E,,
FRBAY,Bayonne,4330N 00129W,,
ESGIJ,Gijon,4332N 00540W,,
FRCAS,Castres,4336N 00214E,,
FRSXD,Sophia Antipolis,4337N 00702E,,
KZAAU,Aktau,4339N 05109E,,
CNCGC,Changchun,4354N 12519E,,
FRORA,Orange,4408N 00449E,,
FRBAE,Barcelonnette,4423N 00639E,,
FRZAO,Cahors,4427N 00126E,,
FRGAT,Gap,4434N 00605E,,
FRARC,Arcachon,4440N 00110W,,
USOUC,Council,4443N 11626W,,
US8GA,Gardiner,4515N 11042W,,
CASJB,Saint-John,4516N 06604W,,
FRTGF,Tignes,4528N 00655E,,
FRPLG,La Plagne,4530N 00641E,,
FRVSS,Villefranche-sur-Saone,4559N 00443E,,
FRAVF,Avoriaz,4612N 00646E,,
CACHA,Charlottetown,4614N 06308W,,
FRSTY,Saint-Yan,4624N 00402E,,
FRCSS,Chalon-sur-Saone,4647N 00451E,,
USUND,Underwood,4727N 10108W,,
UAZPR,Zaporizhzhia,4749N 03510E,,
FRVTL,Vittel,4812N 00557E,,
FRVO5,Les Villages Voveens,4816N 00137E,,
USMVW,Mount Vernon,4825N 12219W,,
CAVIC,Victoria,4826N 12321W,,
FRLDV,Landivisiau,4831N 00404W,,
FRMEL,Melun,4832N 00240E,,
CAGPE,Gaspe,4850N 06429W,,
FRMEA,Meaux,4858N 00253E,,
FRVAT,Vatimont,4859N 00628E,,
FRHON,Honfleur,4925N 00014E,,
FRDPE,Dieppe,4955N 00105E,,
ARRZA,Santa Cruz,5001S 06825W,,
FRABB,Abbeville,5006N 00150E,,
FRAUL,Aulnoye-Aymeries,5012N 00350E,,
CASEI,Sept-Iles,5012N 06623W,,
FRARR,Arras,5017N 00247E,,
FRVAL,Valenciennes,5022N 00332E,,
GBPLY,Plymouth,5024N 00407W,,
FRLLE,Lille,5038N 00304E,,
CACAL,Calgary,5102N 11404W,,
BEGNE,Gent (Ghent),5103N 00343E,,
CASAT,Saint-Anthony,5123N 05536W,,
DEDUI,Duisburg,5128N 00645E,,
GBCDF,Cardiff,5130N 00312W,,
GBSWA,Swansea,5138N 00358W,,
RUKUF,Samara,5313N 05010E,,
CAGOO,Goose Bay,5324N 06010W,,
GBLIV,Liverpool,5325N 00300W,,
GBGSY,Grimsby,5332N 00030W,,
ARRGA,Rio Grande,5347S 06742W,,
DERSK,Rostock,5405N 01208E,,
GBBIF,Barrow in Furness,5407N 00314W,,
GBNCL,Newcastle upon Tyne,5458N 00136W,,
GBCBT,Campbeltown,5526N 00538W,,
SEMMA,Malmo,5536N 01300E,,
GBRAY,"Rothesay, Isle of Bute",5553N 00509W,,
GBOBA,Oban,5625N 00528W,,
GBDUN,Dundee,5630N 00258W,,
GBABD,Aberdeen,5708N 00206W,,
SEVVK,Vastervik,5745N 01638E,,
CAFCM,Kuujjuaq,5806N 06824W,,
GBSTO,Stornoway,5813N 00622W,,
NOVAO,Vardo,7022N 03106E,,
XZSUU,Suursaq,8049N 06638W,,
AFDAZ,Darwaz,,,
AFFAH,Farah,,,
AFGRG,Gardez,,,
AFGZI,Ghazni,,,
AFKWH,Khwahan,,,
AFKUR,Kuran-O-Munjan,,,
AFIMZ,Nimroz,,,
AFLQN,Qala Nau,,,
AFSBF,Sardeh Band,,,
AFSGA,Sheghnan,,,
AFTQN,Taluqan,,,
AFURN,Urgoon,,,
AFURZ,Uruzgan,,,
AIWLL,Wall Blake,,,
AOAZZ,Ambriz,,,
AOANL,Andulo,,,
AOCFF,Cafunfo,,,
AOCNZ,Cangamba,,,
AOCAV,Cazombo,,,
AOPGI,Chitato,,,
AOCTI,Cuito Cuanavale,,,
AODRC,Dirico,,,
AOJMB,Jamba,,,
AOUAL,Luau,,,
AOGGC,Lumbala,,,
AOLZM,Luzamba,,,
AONRQ,N'Riquinha,,,
AONZA,Nzagi,,,
AOARZ,N'Zeto,,,
AONDD,Sumbe,,,
ARCPG,Carmen de Patagones,,,
ARCVH,Caviahue,,,
ARCRR,Ceres,,,
ARCNT,Charata,,,
ARHOS,Chos Malal,,,
ARCLX,Clorinda,,,
ARCCT,Colonia Catriel,,,
ARELO,Eldorado,,,
ARGPO,General Pico,,,
ARVGS,General Villegas,,,
AROYA,Goya,,,
ARLCM,La Cumbre,,,
ARLLS,Las Lomitas,,,
ARXMX,Ledesma,,,
ARLMD,Los Menucos,,,
ARMQD,Maquinchao,,,
ARMDX,Mercedes,,,
ARMJR,Miramar,,,
ARMCS,Monte Caseros,,,
ARXOS,Mosconi,,,
ARQLV,Olivos,,,
ARXMV,Pichanal,,,
ARQPQ,Pinamar,,,
ARXPD,San Pedro,,,
ARVCF,Valcheta,,,
ASTAV,Tau,,,
ATVDD,Vienna Danubepier Hov,,,
AUABG,Abingdon,,,
AUADA,Adelaide Apt,,,
AUAGW,Agnew,,,
AUAXL,Alexandria,,,
AUABH,Alpha,,,
AUAYD,Alroy Downs,,,
AUAWN,Alton Downs,,,
AUAMT,Amata,,,
AUABL,Amberley,,,
AURCN,American River,,,
AUAMX,Ammaroo,,,
AUADO,Andamooka,,,
AUANZ,Angus Downs,,,
AUAYL,Anthony Lagoon,,,
AUAXC,Aramac,,,
AUARY,Ararat,,,
AUAGY,Argyle Downs,,,
AUAAB,Arrabury,,,
AUAUD,Augustus Downs,,,
AURSE,Au-Rose Bay,,,
AUAWP,Austral Downs,,,
AUAVG,Auvergne,,,
AUAYR,Ayr,,,
AULCN,Balcanoona,,,
AUBQW,Balgo Hills,,,
AUBZD,Balranald,,,
AUBYX,Baniyala,,,
AUBKP,Barkly Downs,,,
AUBVW,Batavia Downs,,,
AUBEE,Beagle Bay,,,
AUBDW,Bedford Downs,,,
AUBDG,Bendigo,,,
AUBTX,Betoota,,,
AUBVZ,Beverley Springs,,,
AUBCZ,Bickerton Island,,,
AUBBE,Big Bell,,,
AUBIW,Billiluna,,,
AUBLO,Biloela,,,
AUBZP,Bizant,,,
AUBFC,Bloomfield,,,
AUBLS,Bollon,,,
AUBCK,Bolwarra,,,
AUBOX,Borroloola,,,
AUZBO,Bowen,,,
AUBWQ,Brewarrina,,,
AUBRJ,Bright,,,
AUBHT,Brighton Downs,,,
AUBRA,Brisbane Apt,,,
AUBTD,Brunette Downs,,,
AUBIP,Bulimba,,,
AUBUY,Bunbury,,,
AUCGV,Caiguna,,,
AUCUD,Caloundra,,,
AUCFI,Camfield,,,
AUCML,Camooweal,,,
AUCBY,Canobie,,,
AUCBI,Cape Barren Island,,,
AUCRY,Carlton Hill,,,
AUCFP,Carpentaria Downs,,,
AUCSI,Casino,,,
AUCTR,Cattle Creek,,,
AUCXT,Charters Towers,,,
AUCBC,Cherrabun,,,
AUCRH,Cherribah,,,
AULLG,Chillagoe,,,
AUCXQ,Christmas Creek,,,
AUCMQ,Clermont,,,
AUCVC,Cleve,,,
AUCFH,Clifton Hills,,,
AUCZY,Cluny,,,
AUXCO,Colac,,,
AUCRB,Collarenebri,,,
AUCIE,Collie,,,
AUKCE,Collinsville,,,
AUCBX,Condobolin,,,
AUCLH,Coolah,,,
AUCOY,Coolawanyah,,,
AUCRJ,Coorabie,,,
AUCMD,Cootamundra,,,
AUODL,Cordillo Downs,,,
AUCWW,Corowa,,,
AUCYG,Corryong,,,
AUCWR,Cowarie,,,
AUCCW,Cowell,,,
AUCWT,Cowra,,,
AUCSD,Cresswell Downs,,,
AUCKI,Croker Island,,,
AUCDQ,Croydon,,,
AUCUG,Cudal,,,
AUCUY,Cue,,,
AUDBY,Dalby,,,
AUDVR,Daly River,,,
AUDYW,Daly Waters,,,
AUDAJ,Dauan Island,,,
AUDVP,Davenport Downs,,,
AUDDI,Daydream Is,,,
AUDLV,Delissaville,,,
AUDDN,Delta Downs,,,
AUDNM,Denham,,,
AUDNQ,Deniliquin,,,
AUDYM,Diamantina Lakes,,,
AUDRN,Dirranbandi,,,
AUDXD,Dixie,,,
AUDKV,Docker River,,,
AUDOX,Dongara,,,
AUDRD,Dorunda Station,,,
AUDFP,Drumduff,,,
AUDLK,Dulkaninna,,,
AUDNB,Dunbar,,,
AUDHD,Durham Downs,,,
AUDRR,Durrie,,,
AUDYA,Dysart,,,
AUECH,Echuca,,,
AUQDN,Eden,,,
AUEBH,Edinburgh,,,
AUEIH,Einasleigh,,,
AUEKD,Elkedra,,,
AUENB,Eneabba West,,,
AUEDD,Erldunda,,,
AUERB,Ernabella,,,
AUETD,Etadunna,,,
AUEUC,Eucla,,,
AUEVD,Eva Downs,,,
AUEVH,Evans Head,,,
AUFBN,Fairbarn,,,
AUFLC,Falls Creek,,,
AUFIK,Finke,,,
AUFLY,Finley,,,
AUFRB,Forbes,,,
AUFOS,Forrest,,,
AUFOT,Forster,,,
AUFSL,Fossil Downs,,,
AUFRE,Fremantle,,,
AUGBP,Gamboola,,,
AUGPN,Garden Point,,,
AUGSC,Gascoyne Junction,,,
AUGEE,George Town,,,
AUGTT,Georgetown,,,
AUGBV,Gibb River,,,
AUGLG,Glengyle,,,
AUGLM,Glenormiston,,,
AUGLY,Goldsworthy,,,
AUGOO,Goondiwindi,,,
AUGDD,Gordon Downs,,,
AUGOS,Gosford,,,
AUGBL,Goulburn Island,,,
AUGTS,Granites,,,
AUGVP,Greenvale,,,
AUGGD,Gregory Downs,,,
AUGFE,Grenfell,,,
AUGUH,Gunnedah,,,
AUGYP,Gympie,,,
AUHWK,Hawker,,,
AUHXX,Hay,,,
AUHIP,Headingly,,,
AUHAT,Heathlands,,,
AUHLV,Helenvale,,,
AUHRY,Henbury,,,
AUHMG,Hermannsburg,,,
AUHIG,Highbury,,,
AUHLL,Hillside,,,
AUHIH,Hook Island,,,
AUHPE,Hope Vale,,,
AUHTU,Hopetoun,,,
AUHSM,Horsham,,,
AUHUB,Humbert River,,,
AUIFF,Iffley,,,
AUIDK,Indulkana,,,
AUIGH,Ingham,,,
AUINJ,Injune,,,
AUIKP,Inkerman,,,
AUINM,Innamincka,,,
AUIVW,Inverway,,,
AUISI,Isisford,,,
AUJUN,Jundah,,,
AUJUR,Jurien Bay,,,
AUKPP,Kalpowar,,,
AUUBU,Kalumburu,,,
AUKDS,Kamaran Downs,,,
AUKDB,Kambalda,,,
AUKML,Kamileroi,,,
AUKNI,Katanning,,,
AUKPS,Kempsey,,,
AUKRA,Kerang,,,
AUKBD,Kimberley Downs,,,
AUKGY,Kingaroy,,,
AUKBJ,Kings Canyon,,,
AUKCS,Kings Creek Station,,,
AUKBB,Kirkimbie,,,
AUKOH,Koolatah,,,
AUKKP,Koolburra,,,
AUKQB,Koonibba,,,
AUKGR,Kulgera,,,
AUKRD,Kurundi,,,
AULNH,Lake Nash,,,
AULFP,Lakefield,,,
AULKD,Lakeland Downs,,,
AULDW,Lansdowne,,,
AULTB,Latrobe,,,
AULUU,Laura,,,
AULUT,Laura Station,,,
AULWH,Lawn Hill,,,
AULGH,Leigh Creek,,,
AULIB,Limbunya,,,
AULLP,Linda Downs,,,
AULDC,Lindeman Island,,,
AULLL,Lissadell,,,
AULOC,Lock,,,
AUHAP,Long Island,,,
AULOA,Lorraine,,,
AULTV,Lotusvale,,,
AULTP,Lyndhurst,,,
AUMNW,Macdonald Downs,,,
AUMVH,Macksville,,,
AUMHC,Macmahon Camp 4,,,
AUMIZ,Mainoru,,,
AUMQA,Mandora,,,
AUMJP,Manjimup,,,
AUMFP,Manners Creek,,,
AUMBB,Marble Bar,,,
AUMRG,Mareeba,,,
AUMGV,Margaret River Station,,,
AUMXD,Marion Downs,,,
AUMRP,Marla,,,
AUMQE,Marqua,,,
AURRE,Marree,,,
AUKAH,Melbourne City Heliport,,,
AUMLV,Merluna,,,
AURTY,Merty,,,
AUMMM,Middlemount,,,
AUMLR,Millicent,,,
AUMRL,Miners Lake,,,
AUXML,Minlaton,,,
AUMIN,Minnipa,,,
AUMWY,Miranda Downs,,,
AUMTQ,Mitchell,,,
AUMIH,Mitchell Plateau,,,
AUMXQ,Mitchell River,,,
AUMIY,Mittiebah,,,
AUONR,Monkira,,,
AUMNQ,Monto,,,
AUMWT,Moolawatana,,,
AUOOR,Mooraberree,,,
AUMET,Moreton,,,
AUOXY,Morney,,,
AUMRT,Moroak,,,
AUMBN,Mount Barnett,,,
AUMBF,Mount Buffalo,,,
AUMKV,Mount Cavenagh,,,
AUMFL,Mount Full Stop,,,
AUGSN,Mount Gunson,,,
AUMHO,Mount House,,,
AUMTD,Mount Sandford,,,
AUMSF,Mount Swan,,,
AUMNV,Mountain Valley,,,
AUMUQ,Muccan,,,
AUMUP,Mulga Park,,,
AUMVK,Mulka,,,
AUMXU,Mullewa,,,
AUMNE,Mungeranie,,,
AUMVU,Musgrave,,,
AUUTB,Muttaburra,,,
AUMYO,Myroodah,,,
AUNBR,Nambour,,,
AUNBH,Nambucca Heads,,,
AUNMR,Nappa Merry,,,
AUNPP,Napperby,,,
AUNAC,Naracoorte,,,
AUNRG,Narrogin,,,
AUNMP,New Moon,,,
AUNRY,Newry,,,
AURPM,Ngukurr,,,
AUNLS,Nicholson,,,
AUNIF,Nifty,,,
AUNKB,Noonkanbah,,,
AUNSA,Noosa,,,
AUNSV,Noosaville,,,
AUNSM,Norseman,,,
AUNLL,Nullagine,,,
AUNUR,Nullarbor,,,
AUNUB,Numbulwar,,,
AUUTD,Nutwood Downs,,,
AUNYN,Nyngan,,,
AUOBA,Oban,,,
AUOPI,Oenpelli,,,
AUODD,Oodnadatta,,,
AURBS,Orbost,,,
AUODR,Ord River,,,
AUOXO,Orientos,,,
AUOYN,Ouyen,,,
AUPDE,Pandie Pandie,,,
AUPRD,Pardoo,,,
AUPDN,Parndana,,,
AUPCE,Pearce,,,
AUPEY,Penong,,,
AUPEP,Peppimenarti,,,
AUPTI,Port Douglas,,,
AUPHJ,Port Hunter,,,
AUPKT,Port Keats,,,
AUPKL,Port Kembla,,,
AUPPI,Port Pirie,,,
AUPTE,Port Stephens,,,
AUUEE,Queenstown,,,
AUUIR,Quirindi,,,
AURCH,Richmond,,,
AUROH,Robinhood,,,
AURRV,Robinson River,,,
AURBC,Robinvale,,,
AURDA,Rockhampton Downs,,,
AURBU,Roebourne,,,
AURKY,Rokeby,,,
AURPV,Roper Valley,,,
AURSB,Roseberth,,,
AURLP,Rosella Plains,,,
AURTS,Rottnest Island,,,
AURHL,Roy Hill,,,
AURTP,Rutland Plains,,,
AUHLS,Saint Helens,,,
AUSVM,Saint Paul's Mission,,,
AUSXE,Sale,,,
AUSRM,Sandringham,,,
AUNDS,Sandstone,,,
AUSWB,Shaw River,,,
AUSGP,Shay Gap,,,
AUSSP,Silver Plains,,,
AUSIX,Singleton,,,
AUSHU,Smith Point,,,
AUSIO,Smithton,,,
AUSNB,Snake Bay,,,
AUZGL,South Galway,,,
AUSOI,South Molle Island,,,
AUSQC,Southern Cross,,,
AUSHQ,Southport,,,
AUSCG,Spring Creek,,,
AUKSV,Springvale,,,
AUZVG,Springvale,,,
AUSNH,Stanthorpe,,,
AUSQP,Starcke,,,
AUSWC,Stawell,,,
AUSTF,Stephen Island,,,
AUSRR,Stradbroke Island,,,
AUSTH,Strathmore,,,
AUKBY,Streaky Bay,,,
AUSSK,Sturt Creek,,,
AUSFP,Surfers Paradise,,,
AUSWH,Swan Hill,,,
AUTBL,Tableland,,,
AUTXR,Tanbar,,,
AUTAN,Tangalooma,,,
AUXTR,Tara,,,
AUTAQ,Tarcoola,,,
AUXTO,Taroom,,,
AUTWN,Tewantin,,,
AUTIS,Thursday Island,,,
AUTYG,Thylungra,,,
AUTYB,Tibooburra,,,
AUTBK,Timber Creek,,,
AUTIN,Tindal,,,
AUTYP,Tobermorey,,,
AUTCW,Tocumwal,,,
AUTPR,Tom Price,,,
AUTWP,Torwood,,,
AUTGN,Traralgon,,,
AUTUM,Tumut,,,
AUTKY,Turkey Creek,,,
AUUDA,Undarra,,,
AUVNR,Vanrook,,,
AUWLC,Walcha,,,
AUWLA,Wallal,,,
AUWGT,Wangaratta,,,
AUWKB,Warracknabeal,,,
AUWRW,Warrawagine,,,
AUWMB,Warrnambool,,,
AUWAZ,Warwick,,,
AUWLO,Waterloo,,,
AUWAU,Wauchope,,,
AUWAV,Wave Hill,,,
AUWAN,Waverney,,,
AUWEW,Wee Waa,,,
AUWWY,West Wyalong,,,
AUWLM,Williamtown,,,
AUWND,Windarra,,,
AUWLL,Wollogorang,,,
AUWDI,Wondai,,,
AUWON,Wondoola,,,
AUWOG,Woodgreen,,,
AUWWI,Woodie Woodie,,,
AUWPK,Wrotham Park,,,
AUWUD,Wudinna,,,
AUWYN,Wyndham,,,
AUWNY,Wynyard,,,
AUKYI,Yalata Mission,,,
AUYLG,Yalgoo,,,
AUKYB,Yangoonabie,,,
AUKYF,Yeelirrie,,,
AUORR,Yorketown,,,
AUNGA,Young,,,
BDCLA,Cumilla,,,
BDRAU,Rangpur,,,
BDSDW,Sandwip,,,
BDZHM,Shamshernagar,,,
BDSAJ,Sirajganj,,,
BDTKR,Thakurgaon,,,
BFABD,Aribinda,,,
BFARL,Arly,,,
BFBNR,Banfora,,,
BFBOU,Boulsa,,,
BFDIP,Diapaga,,,
BFDJI,Djibo,,,
BFDOR,Dori,,,
BFGAO,Gaoua,,,
BFGOG,Gorom-Gorom,,,
BFKAN,Kantchari,,,
BFKAY,Kaya,,,
BFNOU,Nouna,,,
BFOUG,Ouahigouya,,,
BFPAM,Pama,,,
BFPUP,Po,,,
BFSEB,Sebba,,,
BFTMQ,Tambao,,,
BFTEG,Tenkodogo,,,
BFTUQ,Tougan,,,
BGJAM,Jambol,,,
BGPVN,Pleven,,,
BGSLS,Silistra,,,
BGSZR,Stara Zagora,,,
BGVID,Vidin,,,
BIGID,Gitega,,,
BIKRE,Kirundo,,,
BJDJA,Djougou,,,
BJKDC,Kandi,,,
BJNAE,Natitingou,,,
BJPKO,Parakou,,,
BNKUB,Kuala Belait,,,
BOSRB,Santa Rosa,,,
BRALQ,Alegrete,,,
BRALT,Alenquer,,,
BRAMJ,Almenara,,,
BRAPU,Apucarana,,,
BRAPQ,Arapiraca,,,
BRAPX,Arapongas,,,
BRAAG,Arapoti,,,
BRAIR,Aripuana,,,
BRAQM,Ariquemes,,,
BRAAI,Arraias,,,
BRAIF,Assis,,,
BRBSS,Balsas,,,
BRBQQ,Barra,,,
BRBAT,Barretos,,,
BRBMS,Brumado,,,
BRQAB,Brusque,,,
BRCCQ,Cachoeira,,,
BRCMC,Camocim,,,
BRQCD,Campo Bom,,,
BRCNV,Canavieiras,,,
BRQCN,Canela,,,
BRCTP,Carutapera,,,
BRCSW,Colorado do Oeste,,,
BRCQS,Costa Marques,,,
BRCZB,Cruz Alta,,,
BRCPU,Cururupu,,,
BRESI,Espinosa,,,
BRFEJ,Feijo,,,
BRFEC,Feira de Santana,,,
BRFLB,Floriano,,,
BRQRP,Gramado,,,
BRGDP,Guadalupe,,,
BRQGA,Guaira,,,
BRQDL,Guarapari,,,
BRIPG,Ipiranga,,,
BRITJ,Itajai,,,
BRITQ,Itaqui,,,
BRAUB,Itauba,,,
BRJCR,Jacareacanga,,,
BRJCM,Jacobina,,,
BRJLS,Jales,,,
BRJTI,Jatai,,,
BRJUA,Juara,,,
BRJIA,Juina,,,
BRJRN,Juruena,,,
BRLAJ,Lages,,,
BRQLB,Lajeado,,,
BRLEP,Leopoldina,,,
BRLVB,Livramento,,,
BRLOI,Lontras,,,
BRMBK,Matupa,,,
BRQMI,Mogi das Cruzes,,,
BRMTE,Monte Alegre,,,
BRMEU,Monte Dourado,,,
BRNTR,Niteroi,,,
BRNOK,Nova Xavantina,,,
BROYK,Oiapoque,,,
BRQOC,Osasco,,,
BROUS,Ourinhos,,,
BRPSW,Passos,,,
BRPTO,Pato Branco,,,
BRPCS,Picos,,,
BRPBQ,Pimenta Bueno,,,
BRPHI,Pinheiro,,,
BRQHB,Piracicaba,,,
BRPIV,Pirapora,,,
BRPIG,Pitinga,,,
BRPGZ,Ponta Grossa,,,
BRPBX,Porto Alegre do Nort,,,
BRPDF,Prado,,,
BRPDR,Presidente Dutra,,,
BRPGG,Progresso,,,
BRSNZ,Santa Cruz,,,
BRSTZ,Santa Terezinha,,,
BRQSD,Sao Goncalo,,,
BRSEI,Senhor do Bonfim,,,
BRQHG,Sete Lagoas,,,
BRQBX,Sobral,,,
BRTXF,Teixeira de Freitas,,,
BRTSQ,Torres,,,
BRUBT,Ubatuba,,,
BRURB,Urubupunga,,,
BRVIA,Videira,,,
BRVLP,Vila Rica,,,
BRQVR,Volta Redonda,,,
BRVOT,Votuporanga,,,
BRXIG,Xinguara,,,
BSCXY,Cat Cays,,,
BSDCT,Duncan Town,,,
BSGBI,Grand Bahama,,,
BSNMC,Norman's Cay,,,
BSPWN,Pitts Town,,,
BSPPO,Powell Point,,,
BSRCY,Rum Cay,,,
BSTZN,South Andros,,,
BSTYM,Staniel Cay,,,
BSWKR,Walker's Cay,,,
BWHUK,Hukuntsi,,,
BWLOQ,Lobatse,,,
BWSVT,Savuti,,,
BWSXN,Suapan,,,
BWTBY,Tsabong,,,
BZMDB,Melinda,,,
BZORZ,Orange Walk,,,
BZSPR,San Pedro,,,
BZSVK,Silver Creek,,,
CAYAE,Alta Lake,,,
CAYEY,Amos,,,
CAYNR,Arnes,,,
CAYAF,Asbestos Hill,,,
CAYZA,Ashcroft,,,
CABCO,Baie Comeau,,,
CABAT,Bathurst,,,
CAYDV,Bloodvein,,,
CAYBN,Borden,,,
CAYDR,Broadview,,,
CAYBM,Bronson Creek,,,
CABRT,Broughton Is,,,
CAYBH,Bull Harbour,,,
CAYPZ,Burns Lake,,,
CACDO,Cape Dorset,,,
CAYCJ,Cape-Saint-James,,,
CAYCI,Caribou Island,,,
CAYCV,Cartierville,,,
CAYCE,Centralia,,,
CAYCQ,Chetwynd,,,
CACJH,Chilko Lake,,,
CAYLM,Clinton Creek,,,
CACLR,Clyde River,,,
CAYKC,Collins Bay,,,
CAYCP,Co-Op Point,,,
CAYCF,Cortes Bay,,,
CAYYM,Cowley,,,
CAYRD,Dean River,,,
CAYDS,Desolation Sound,,,
CAYDX,Doc Creek,,,
CAYDO,Dolbeau,,,
CADOR,Dorval,,,
CADGF,Douglas Lake,,,
CADRY,Dryden,,,
CAEDM,Edmonton,,,
CAEDS,Edson,,,
CAYEL,Elliot Lake,,,
CAYEP,Estevan Point,,,
CAYCZ,Fairmount Springs,,,
CAZFW,Fairview,,,
CAYOE,Falher,,,
CAZFA,Faro,,,
CAYFG,Fontanges,,,
CAYJF,Fort Liard,,,
CAFNE,Fort Nelson,,,
CAYFL,Fort Reliance,,,
CAFSI,Fort Simpson,,,
CAFSM,Fort Smith,,,
CAYCX,Gagetown,,,
CAYGA,Gagnon,,,
CAYGS,Germansen,,,
CAZGF,Grand Forks,,,
CAYGC,Grande Cache,,,
CADAS,Great Bear Lake,,,
CAYGN,Greenway Sound,,,
CAHJU,Haines Junction,,,
CAHAL,Halifax,,,
CAHAM,Hamilton,,,
CAYHM,Hamilton Apt,,,
CAYTB,Hartley Bay,,,
CAYDJ,Hatchet Lake,,,
CAHSP,Havre-Saint-Pierre,,,
CAZHP,High Prairie,,,
CAYHE,Hope,,,
CAYNH,Hudson Hope,,,
CAZUC,Ignace,,,
CAIGS,Ingersoll,,,
CATIL,Inverlake,,,
CAJPR,Jasper,,,
CAZJG,Jenpeg,,,
CAYJO,Johnny Mountain,,,
CAJOL,Joliette,,,
CAYDU,Kasba Lake,,,
CAYAU,Kattiniq/Donaldson Lake,,,
CAKES,Kelsey,,,
CAYKI,Kennosao Lake,,,
CAYKJ,Key Lake,,,
CAYXI,Killaloe,,,
CAXBW,Killineq,,,
CAYQE,Kimberley,,,
CAKAC,Kincardine,,,
CAKIN,Kingston,,,
CAKNY,Kinoosao,,,
CAYKK,Kitkatla,,,
CAYKT,Klemtu,,,
CAYKE,Knee Lake,,,
CAKNV,Knights Inlet,,,
CASSQ,La Sarre,,,
CAYLQ,La Tuque,,,
CAYLB,Lac Biche,,,
CAYLF,Laforges,,,
CAYAR,Lagrande 3,,,
CAYAH,Lagrande 4,,,
CAYLA,Langara,,,
CALRQ,Laurie River,,,
CAXLF,Leaf Bay,,,
CALRA,Leaf Rapids,,,
CALTB,Lethbridge,,,
CALOD,London,,,
CAYLX,Long Point,,,
CAYAJ,Lyall Harbour,,,
CAYLY,Lytton,,,
CAYDK,Main Duck Island,,,
CAYAQ,Maple Bay,,,
CAMAR,Marathon,,,
CAYMC,Maricourt Airstrip,,,
CAMSS,Masset,,,
CAMNE,Matane,,,
CAYMB,Merritt,,,
CAYMR,Merry Island,,,
CAYMI,Minaki,,,
CAYLP,Mingan,,,
CAMRB,Mirabel,,,
CAMNT,Moncton,,,
CAYMF,Montagne Harbor,,,
CAYAD,Moose Lake,,,
CAMOU,Moosonee,,,
CAYML,Murray Bay,,,
CAZNU,Namu,,,
CANNO,Nanaimo,,,
CANVK,Nanisivik,,,
CAZNG,Negginan,,,
CANRC,New Richmond,,,
CANIA,Niagara Falls,,,
CAYNI,Nitchequon,,,
CAYNK,Nootka Sound,,,
CAOAK,Oakville,,,
CAYDW,Obre Lake,,,
CAOFA,Ocean Falls,,,
CAOSH,Oshawa,,,
CAOWS,Owen Sound,,,
CAPRS,Parry Sound,,,
CAYUF,Pelly Bay,,,
CAPEM,Pembroke,,,
CAPEH,Pender Harbour,,,
CAPIW,Pikwitonei,,,
CAWPC,Pincher Creek,,,
CAZPO,Pine House,,,
CAYPP,Pine Point,,,
CAPDI,Pond Inlet,,,
CAPAB,Port Alberni,,,
CAPHY,Port Hardy,,,
CAPHW,Port Hawkesbury,,,
CAOPE,Port Hope,,,
CAWPL,Powell Lake,,,
CAPOW,Powell River,,,
CAPRE,Prescott,,,
CAPRR,Prince Rupert,,,
CAQUE,Quebec,,,
CAREB,Resolute Bay,,,
CARIM,Rimouski,,,
CAYYI,Rivers,,,
CAYRN,Rivers Inlet,,,
CAYSA,Sable Island,,,
CAYSL,Saint-Leonard,,,
CAZSP,Saint-Paul,,,
CASTH,Saint-Thomas,,,
CAYSW,Salluit,,,
CAYSN,Salmon Arm,,,
CASSP,Sandspit,,,
CAYSI,Sans Souci,,,
CASNI,Sarnia,,,
CASSM,Sault-Sainte-Marie,,,
CASHA,Shawinigan,,,
CAYSX,Shearwater,,,
CASBR,Sherbrooke,,,
CASYF,Silva Bay,,,
CAYSS,Slate Island,,,
CAYSH,Smith Falls,,,
CAYXF,Snake River,,,
CAYFJ,Snare Lake,,,
CAZFL,South Trout Lake,,,
CAYSQ,Spring Island,,,
CASQA,Squamish,,,
CAYSZ,Squirrel Cove,,,
CASTW,Stewart,,,
CASTR,Stratford,,,
CASTT,Strathroy,,,
CAYTC,Sturdee,,,
CASUD,Sudbury,,,
CASUM,Summerside,,,
CAIUM,Summit Lake,,,
CASYD,Sydney,,,
CAPTA,Tahsis,,,
CAGSL,Taltheilei Narrows,,,
CATAS,Tasu,,,
CAYTX,Telegraph Creek,,,
CAYBQ,Telegraph Harbour,,,
CAYTJ,Terrace Bay,,,
CAYTD,Thicket Portage,,,
CATHU,Thunder Bay,,,
CAYTT,Tisdale,,,
CATOR,Toronto,,,
CATTC,Trenton,,,
CAYTI,Triple Island,,,
CATRR,Trois-Rivieres (Three Rivers),,,
CATRU,Truro,,,
CATUK,Tuktoyaktuk,,,
CAYTK,Tulugak,,,
CATUX,Tumbler Ridge,,,
CATNS,Tungsten,,,
CAYOY,Valcartier,,,
CAVAN,Vancouver,,,
CAVER,Vernon,,,
CAWTF,Watford,,,
CAWAT,Watson Lake,,,
CAYWR,White River,,,
CAWND,Windsor,,,
CAYWN,Winisk,,,
CAWSK,Woodstock,,,
CAYRH,Yarmouth,,,
CDBAN,Basongo,,,
CDBNC,Beni,,,
CDBNB,Boende,,,
CDBMB,Bumba,,,
CDBZU,Buta,,,
CDDIC,Dili,,,
CDGDJ,Gandajika,,,
CDIDF,Idiofa,,,
CDIKL,Ikela,,,
CDKBO,Kabalo,,,
CDKBN,Kabinda,,,
CDKLY,Kalima,,,
CDKNM,Kaniama,,,
CDKAP,Kapanga,,,
CDKEC,Kasenga,,,
CDKIL,Kilwa,,,
CDKOO,Kongolo,,,
CDKLI,Kota Koli,,,
CDLIE,Libenge,,,
CDLZA,Luiza,,,
CDLZI,Luozi,,,
CDLBO,Lusambo,,,
CDLUS,Lusanga,,,
CDMNO,Manono,,,
CDBDV,Moba,,,
CDMEW,Mweka,,,
CDNKL,Nkolo,,,
CDPUN,Punia,,,
CDPWO,Pweto,,,
CDYAN,Yangambi,,,
CFBMF,Bakouma,,,
CFBBY,Bambari,,,
CFBGU,Bangassou,,,
CFBTG,Batangafo,,,
CFIRO,Birao,,,
CFBSN,Bossangoa,,,
CFBOP,Bouar,,,
CFBCF,Bouca,,,
CFBOZ,Bozoum,,,
CFBIV,Bria,,,
CFCRF,Carnot,,,
CFGDI,Gordil,,,
CFKWD,Kawadjia,,,
CFKOL,Koumala,,,
CFNDL,Ndele,,,
CFODA,Ouadda,,,
CFRFA,Rafai,,,
CFAIG,Yalinga,,,
CFIMO,Zemio,,,
CGBTB,Betou,,,
CGBOE,Boundji,,,
CGDJM,Djambala,,,
CGEWO,Ewo,,,
CGGMM,Gamboma,,,
CGION,Impfondo,,,
CGKNJ,Kindamba,,,
CGLCO,Lague,,,
CGLKC,Lekana,,,
CGKMK,Makabana,,,
CGMKJ,Makoua,,,
CGMSX,Mossendjo,,,
CGMUY,Mouyondzi,,,
CGNKY,Nkayi,,,
CGOKG,Okoyo,,,
CGOUE,Ouesso,,,
CGANJ,Zanaga,,,
CHCOI,Cointrin,,,
CIOGO,Abengourou,,,
CIAFI,Amalfi,,,
CIBDK,Bondoukou,,,
CIZSS,Sassandra,,,
CISEQ,Seguela,,,
CITXU,Tabou,,,
CMBLC,Bali,,,
CMOUR,Batouri,,,
CMDSC,Dschang,,,
CMEBW,Ebolowa,,,
CMKOB,Koutaba,,,
CMKBI,Kribi,,,
CMMMF,Mamfe,,,
CNCYN,Chaoyang,,,
CNDZU,Dazu,,,
CNFYX,Fuyang Xiguan Apt,,,
CNLHK,Guanghua,,,
CNHSH,Huangshan,,,
CNJIL,Jilin,,,
CNMEZ,Meizhou,,,
CNXEN,Xingcheng,,,
CNXSB,Xishuangbanna,,,
CNXZH,Xuzhou,,,
CNYLN,Yilan Apt,,,
CNYUA,Yuanmou Apt,,,
COAYC,Ayacucho,,,
COCIM,Cimitarra,,,
COMCJ,Maicao,,,
COMQU,Mariquita,,,
COMIX,Miriti,,,
COMOY,Monterrey,,,
COMQR,Mosquera,,,
CONAR,Nare,,,
COQPI,Palmira,,,
COEUO,Paratebueno,,,
COPLA,Planadas,,,
COPBE,Puerto Berrio,,,
CORON,Rondon,,,
COSQE,San Luis de Pale,,,
COSJG,San Pedro Jagua,,,
CONPU,San Pedro Uraba,,,
COSMC,Santa Maria,,,
COSOH,Solita,,,
COTTM,Tablon de Tamara,,,
COTQS,Tres Esquinas,,,
COTDA,Trinidad,,,
CRLCS,Las Canas,,,
CUQCO,Colon,,,
CUNBW,Guantanamo Nas Apt,,,
CUQMA,Matanzas,,,
CUICR,Nicaro,,,
CVMTI,Mosteiros,,,
CVNTO,Santo Antao,,,
CZHOL,Holesov,,,
CZOLO,Olomouc,,,
CZOTC,Otrokovice,,,
DEBBN,Babenhausen,,,
DEBDU,Bad Durkheim,,,
DEBNR,Bad Neuenahr-Ahrweiler,,,
DEBNT,Bergneustadt,,,
DEBIT,Bitburg,,,
DEBLU,Blumberg,,,
DECAN,Calden,,,
DEDBL,Dinkelsbuhl,,,
DEEGG,Eggenfelden,,,
DEHAS,Hassfurt,,,
DEHZH,Herzogenaurach,,,
DEHEU,Heubach,,,
DEHOC,Hockenheim,,,
DEILN,Illertissen,,,
DEKAE,Karlsruhe,,,
DELPM,Laupheim,,,
DEMZN,Meinerzhagen,,,
DEMSE,Meschede,,,
DEMML,Mockmuhl,,,
DENBG,Neuburg an der Donau,,,
DENOD,Norden,,,
DEPFO,Pforzheim,,,
DEPOW,Porta Westfalica,,,
DERHD,Rheindahlen,,,
DEROT,Rothenburg ob der Tauber,,,
DESLU,Saulgau,,,
DESWB,Schwabach,,,
DESEX,Sembach,,,
DESGE,Siegen,,,
DESLO,Stadtlohn,,,
DEWRN,Walldurn,,,
DEWEI,Weiden in der Oberpfalz,,,
DEWID,Wildenrath,,,
DEWPH,Wipperfurth,,,
DEWUP,Wuppertal,,,
DKMRV,Maribo,,,
DOCBJ,Cabo Rojo,,,
DZSKI,Skikda (ex Philippeville),,,
ECWSE,Santa Cecillia,,,
EGAUE,Abu Rudeis,,,
EGDMN,Damanhour,,,
EGUVL,New Valley,,,
ESQIU,Ciudadela,,,
ESQFU,Corralejo,,,
ESGUI,Guipuzcoa,,,
ESSSG,San Sebastian de la Gomera,,,
ESTAR,Tarragona,,,
ETBCY,Bulchi,,,
ETETE,Genda Wuha,,,
ETMZX,Mena,,,
ETMUJ,Mui,,,
ETSXU,Soddu,,,
ETWAC,Waca,,,
FJBFJ,Ba,,,
FJBXL,Blue Lagoon,,,
FJBVF,Bua,,,
FJCST,Castaway,,,
FRDXA,Les Deux Alpes,,,
GAAKE,Akieni,,,
GAFOU,Fougamou,,,
GAKGB,Kongobouma,,,
GALCN,Leconi,,,
GAMGO,Manega,,,
GAMBC,Mbigou,,,
GAMZC,Mitzic,,,
GAMFF,Moanda,,,
GAKDN,Ndende,,,
GAKDJ,Ndjole,,,
GAOWE,Owendo,,,
GBAGN,Abingdon,,,
GBALY,Alconbury,,,
GBBKO,Bally Kelly,,,
GBBBC,Benbecula,,,
GBBSH,Brighton,,,
GBBNW,Burtonwood,,,
GBBSE,Bury Saint Edmunds,,,
GBCMG,Cambridge,,,
GBCRN,Cromarty,,,
GBFKM,Fakenham,,,
GBFBO,Farnborough,,,
GBFEA,Fetlar,,,
GBFLH,Flotta,,,
GBHAT,Hatfield,,,
GBHDO,Hendon,,,
GBHWY,High Wycombe,,,
GBHKL,Hucknall,,,
GBIPS,Ipswich,,,
GBSKY,Isle of Skye Apt,,,
GBKWL,Kirkwall,,,
GBLER,Lerwick,,,
GBMLL,Mildenhall,,,
GBMUL,Mull Apt,,,
GBNHP,Northampton,,,
GBNRW,Norwich,,,
GBOKM,Oakham,,,
GBODM,Odiham,,,
GBPEN,Penzance,,,
GBREH,Redhill,,,
GBSNW,Saint Andrews,,,
GBWOB,Suttonheath,,,
GBTWL,Tingwall,,,
GBWDD,Waddington,,,
GBWHY,Whalsay,,,
GBWBG,Woodbridge,,,
GFLVT,Le Larivot,,,
GFOYP,Saint Georges de l'Oyapock,,,
GLJRK,Arsuk,,,
GLDUN,Dundas,,,
GLQUE,Qullissat,,,
GNSBI,Koundara,,,
GNMCA,Macenta,,,
GNNZE,Nzerekore,,,
GNGII,Siguiri,,,
GTCMM,Carmelita,,,
GTCIQ,Chiquimula,,,
GTENJ,El Naranjo,,,
GTHUG,Huehuetenango,,,
GTPCG,Paso Caballos,,,
GTRUV,Rubelsanto,,,
GTTKM,Tikal,,,
GYAHL,Aishalton,,,
GYBMJ,Baramita,,,
GYGFO,Bartica,,,
GYBCG,Bemichi,,,
GYEKE,Ekereku,,,
GYKRM,Karanambo,,,
GYKRG,Karasabai,,,
GYKTO,Kato,,,
GYKKG,Konawaruk,,,
GYKPG,Kurupung,,,
GYLUB,Lumid Pau,,,
GYVEG,Maikwak,,,
GYMWJ,Matthews Ridge,,,
GYMYM,Monkey Mountain,,,
GYNAM,New Amsterdam,,,
GYPMT,Paramakotoi,,,
GYPRR,Paruima,,,
GYPIQ,Pipillipai,,,
GYPKM,Port Kaituma,,,
GYSDC,Sandcreek,,,
GYSKM,Skeldon,,,
HKZTW,Tsuen Wan,,,
HNCAA,Catacamas,,,
HNCDD,Cauquira,,,
HNENQ,Coronel E Soto Cano Ab,,,
HNCYL,Coyoles,,,
HNEDQ,Erandique,,,
HNGAC,Gracias,,,
HNGUO,Gualaco,,,
HNIRN,Iriona,,,
HNJUT,Juticalpa,,,
HNLEZ,La Esperanza,,,
HNLUI,La Union,,,
HNLLH,Las Limas,,,
HNLMH,Limon,,,
HNMRJ,Marcala,,,
HNOAN,Olanchito,,,
HNPCH,Palacios,,,
HNSET,San Esteban,,,
HNSCD,Sulaco,,,
HNTCF,Tocoa,,,
HNTJI,Trujillo,,,
HNVTA,Victoria,,,
HTJAK,Jacmel,,,
HUMCQ,Miskolc,,,
IDAHI,Amahai,,,
IDBXD,Bade,,,
IDBJW,Bajawa,,,
IDNAF,Banaina,,,
IDBUW,"Baubau, Butung",,,
IDNTI,Bintuni,,,
IDBJG,Bolaang,,,
IDBXT,"Bontang, Kl",,,
IDUOL,Buol,,,
IDEWI,Enarotali,,,
IDEWE,Ewer,,,
IDGLX,"Galela, Halmahera",,,
IDGEB,Gebe,,,
IDILA,Illaga,,,
IDKBF,Karubaga,,,
IDKEQ,Kebar,,,
IDKEA,Keisah,,,
IDLLN,Kelila,,,
IDKLQ,Keluang,,,
IDKEI,Kepi,,,
IDKRC,Kerinci,,,
IDKMM,Kimam,,,
IDKOX,Kokonao,,,
IDKCI,Kon,,,
IDKOD,Kotabangun,,,
IDLKA,Larantuka,,,
IDLHI,Lereh,,,
IDLWE,Lewoleba,,,
IDLSX,Lhok Sukon,,,
IDLYK,Lunyuk,,,
IDMPT,Maliana,,,
IDMAL,Mangole,,,
IDMJY,Mangunjaya,,,
IDMSI,Masalembo,,,
IDMXB,Masamba,,,
IDRDE,Merdey,,,
IDMEQ,"Meulaboh, Sumatra",,,
IDMDP,Mindiptana,,,
IDONI,Moanamani,,,
IDOZI,Morotai I,,,
IDMPC,Muko-Muko,,,
IDLII,Mulia,,,
IDMUF,Muting,,,
IDNRE,Namrole,,,
IDNPO,Nangapinoh,,,
IDFOO,Numfoor,,,
IDOBD,Obano,,,
IDOKQ,"Okaba, Irian Jaya",,,
IDOKL,Oksibil,,,
IDPBW,Palibelo,,,
IDPPJ,Pulau Panjang,,,
IDPWL,Purwokerto,,,
IDRAQ,Raha,,,
IDRSK,Ransiki,,,
IDRKI,Rokot,,,
IDRTI,Roti,,,
IDSQN,Sanana,,,
IDSGQ,Sanggata,,,
IDSAE,Sangir,,,
IDSXK,Saumlaki,,,
IDSAU,Sawu,,,
IDZEG,Senggo,,,
IDSIW,Sibisa,,,
IDNKD,Sinak,,,
IDRKO,Sipora,,,
IDSQR,Soroako,,,
IDZKL,Steenkool,,,
IDSUP,"Sumenep, Madura",,,
IDSEQ,"Sungai Pakning, Sumatra",,,
IDTAX,"Taliabu Island Apt, Moluccas",,,
IDTNB,Tanah Grogot,,,
IDTMH,"Tanahmerah, Kalimantan",,,
IDTSX,Tanjung Santan,,,
IDTPK,"Tapaktuan, Sumatra",,,
IDTSY,Tasikmalaya,,,
IDTXM,Teminabuan,,,
IDTMY,Tiom,,,
IDTLI,Tolitoli,,,
IDTBM,Tumbang Samba,,,
IDUBR,Ubrub,,,
IDWET,Wagethe,,,
IDWBA,Wahai,,,
IDWSR,Wasior,,,
IDRUF,Yuruf,,,
IDUGU,Zugapa,,,
IEBAL,Baldonnel,,,
IECLB,Castlebar,,,
IELMK,Limerick,,,
IEWEX,Wexford,,,
ILEIY,Ein Yahav,,,
ILKSW,Kiryat Shmona,,,
ILMTZ,Masada,,,
ILSED,Sedom,,,
ILYOT,Yotvata,,,
INRGH,Balurghat,,,
INBEK,Bareilly,,,
INBUP,Bhatinda,,,
INBKB,Bikaner,,,
INCBD,Car Nicobar,,,
INDAM,Daman,,,
INDAE,Daparizo,,,
INDAI,Darjeeling,,,
INDEP,Deparizo,,,
INGUX,Guna,,,
INHSS,Hissar,,,
INJGB,Jagdalpur,,,
INPYB,Jeypore,,,
INIXQ,Kamalpur,,,
INIXN,Khowai,,,
INLDA,Malda,,,
INMZA,Muzaffarnagar,,,
INMZU,Muzaffarpur,,,
INNVY,Neyveli,,,
INOMN,Osmanabad,,,
INIXT,Pasighat,,,
INPUT,Puttaparthi,,,
INRJI,Rajouri,,,
INRMD,Ramagundam,,,
INRTC,Ratnagiri,,,
INREW,Rewa,,,
INRUP,Rupsi,,,
INSXV,Salem,,,
INTEI,Tezu,,,
INTJV,Thanjavur,,,
INWGC,Warrangal,,,
IRBBL,Babolsar,,,
IRIAQ,Bahregan,,,
IRKNR,Kangan,,,
IRKHA,Khaneh,,,
IRKHK,Khark Island,,,
IRLVP,Lavan,,,
IRWPS,Persepolis,,,
IRCKT,Sarakhs,,,
IRSXI,Sirri Island,,,
IRTCX,Tabas,,,
IRACZ,Zabol,,,
ISBLO,Blonduos,,,
ISEFJ,Eskifjordur Apt,,,
ISFAG,Fagurholsmyri,,,
ISFAS,Faskrudsfjordur,,,
ISFLI,Flateyri Apt,,,
ISRIF,Rif-Hellisandur,,,
ISSFS,Selfoss - Apt,,,
ISTEY,Thingeyri,,,
ITBLX,Belluno,,,
ITCDF,Cortina d'Ampezzo,,,
ITQCS,Cosenza,,,
ITLIU,Linosa,,,
JMMVJ,Mandeville,,,
JPNJA,Atsugi,,,
JPHHE,Hachinohe,,,
JPIEJ,Iejima/Okinawa,,,
JPKUJ,Kushimoto,,,
JPMUS,Marcus Island,,,
JPMRW,Morioka,,,
JPNAH,"Naha, Okinawa",,,
JPIIN,Nishinoomote,,,
JPOKE,Okinoerabu,,,
JPOMJ,Omura,,,
JPOTR,Otaru,,,
JPRBJ,Rebun,,,
JPSDO,Sado,,,
JPQSG,"Saga, Saga",,,
JPTRA,Taramajima,,,
JPTMK,Tomakomai,,,
KEEYS,Eliye Springs,,,
KEFER,Fergusons Gulf,,,
KEKIU,Kiunga,,,
KELBN,Lake Baringo,,,
KELKU,Lake Rudolf,,,
KELBK,Liboi,,,
KELOY,Loyangalani,,,
KENDE,Mandera,,,
KERBT,Marsabit,,,
KEMUM,Mumias,,,
KENUU,Nakuru,,,
KENZO,Nzoia,,,
KHKMT,Kampot,,,
KHKKZ,Koh Kong,,,
KHKZK,Kompong Thom,,,
KHMWV,Mundulkiri,,,
KHOMY,Oddor Meanche,,,
KHPAI,Pailin,,,
KHTNX,Stung Treng,,,
KHSVR,Svay Rieng,,,
KIOOT,Onotoa,,,
KITNV,Tabuaeran,,,
KITNQ,Teraina,,,
KRGNO,Gangseo,,,
KZAST,Astana (ex Tselinograd),,,
KZATX,Atbasar,,,
KZBKZ,Baikonur,,,
KZBXJ,Burundai,,,
KZEKB,Ekibastuz,,,
KZSZI,Zaisan,,,
KZHRC,Zhairem,,,
LAAOU,Attopeu,,,
LAHOE,Houeisay,,,
LAKOG,Khong,,,
LAUON,Muong Sai,,,
LAPKS,Paksane,,,
LANEU,Sam Neua,,,
LAZBY,Sayaboury,,,
LASND,Seno,,,
LATHK,Thakhek,,,
LAUDO,Udomxay,,,
LAVGG,Vangrieng,,,
LAVNG,Viengxay,,,
LAXAY,Xayabury,,,
LAXIE,Xienglom,,,
LBQJN,Jounieh,,,
LBKYE,Tripoli,,,
LKADP,Anuradhapura,,,
LKBTC,Batticoloa,,,
LKMNH,Minneriya,,,
LRBYL,Bella Yella,,,
LRUCN,Buchanan,,,
LRFOY,Foya,,,
LRGRC,Grand Cess,,,
LRNIA,Nimba,,,
LRSAZ,Sasstown,,,
LRSNI,Sinoe,,,
LRTPT,Tapeta,,,
LRTHC,Tchien,,,
LRVOI,Voinjama,,,
LRWES,Weasua,,,
LRWOI,Wologissi,,,
LSLEF,Lebakeng,,,
LSLRB,Leribe,,,
LSLES,Lesobeng,,,
LSMFC,Mafeteng,,,
LSMSG,Matsaile,,,
LSMKH,Mokhotlong,,,
LSNKU,Nkaus,,,
LSPEL,Pelaneng,,,
LSUTG,Quthing,,,
LSSHK,Sehonghong,,,
LSSKQ,Sekakes,,,
LSSOK,Semongkong,,,
LSSHZ,Seshutes,,,
LSTHB,Thaba-Tseka,,,
LSTKO,Tlokoeng,,,
LTKLJ,Klaipeda,,,
LYLMQ,Marsa Brega,,,
LYNFR,Nafoora,,,
LYWAX,Zwara,,,
MAVIL,Dakhla,,,
MAGLN,Goulimime,,,
MASEK,Ksar Es Souk,,,
MAEUN,Laayoune (El Aaiun),,,
MASFI,Safi,,,
MASMW,Smara,,,
MATFY,Tarfaya,,,
MGAHY,Ambatolahy,,,
MGAMP,Ampanihy,,,
MGWAD,Andriamena,,,
MGWAK,Ankazoabo,,,
MGWOR,Ankorefo,,,
MGWBE,Bealanana,,,
MGWBD,Befandriana,,,
MGWBO,Beroroha,,,
MGBSV,Besakoa,,,
MGBKU,Betioky,,,
MGDOA,Doany,,,
MGIHO,Ihosy,,,
MGILK,Ilaka,,,
MGWMV,Madirovalo,,,
MGVVB,Mahanoro,,,
MGWML,Malaimbandy,,,
MGWMD,Mandabe,,,
MGTDV,Tanandava,,,
MGVND,Vangaindrano,,,
MGVAT,Vatomandry,,,
MHLOF,Loen,,,
MHNMU,Namu,,,
MHTBV,Tabal,,,
MLGUD,Goundam,,,
MLKNZ,Kenieba,,,
MLKTX,Koutiala,,,
MLNRM,Nara,,,
MLNIX,Nioro,,,
MMGAW,Gangaw,,,
MMGWA,Gwa,,,
MMHEN,Heho,,,
MMHEB,Henzada,,,
MMHOX,Homalin,,,
MMKYT,Kyauktaw,,,
MMMGU,Manaung,,,
MMMOE,Momeik,,,
MMMGK,Mong Ton,,,
MMNMS,Namsang,,,
MMNMT,Namtu,,,
MMPAA,Pa-An,,,
MMPPU,Papun,,,
MMPAU,Pauk,,,
MMTHA,Thaton,,,
MMTIO,Tilin,,,
MNUUN,Baruun-Urt,,,
MNERT,Erdenet,,,
MNKHR,Kharkhorin,,,
MNHJT,Khujirt,,,
MNMXW,Mandalgobi,,,
MNTSZ,Tsetserleg,,,
MNUNR,Underkhaan,,,
MRAEO,Aioun el Atrouss,,,
MRAJJ,Akjoujt,,,
MRLEG,Aleg,,,
MROTL,Boutilimit,,,
MRCGT,Chinguitti,,,
MRZLG,El Gouera,,,
MRMBR,Mbout,,,
MRTHT,Tamchakett,,,
MRTHI,Tichitt,,,
MUPLU,Port Louis,,,
MXAJS,Abreojos,,,
MXAZG,Apatzingan,,,
MXBHL,Bahia Angeles,,,
MXACN,Ciudad Acuna,,,
MXCJT,Comitan,,,
MXIZT,Ixtepec,,,
MXLOM,Lagos de Moreno,,,
MXNCG,Nueva Casas Grandes,,,
MXPQM,Palenque,,,
MXPNO,Pinotepa Nacional,,,
MXPUH,Pochutla,,,
MXPCV,Punta Chivato,,,
MXPCO,Punta Colorada,,,
MXSZT,San Cristobal de las Casas,,,
MXSFH,San Felipe,,,
MXSGM,San Ignacio,,,
MXSNQ,San Quintin,,,
MXTUY,Tulum,,,
MXVIB,Villa Constitucion,,,
MYBWH,Bagan Luar (Butterworth),,,
MYKPI,"Kapit, Sarawak",,,
MYLSM,Long Semado,,,
MYLSU,Long Sukang,,,
MYMEP,Mersing,,,
MYPAY,Pamol,,,
MYRNU,Ranau,,,
MYBSE,"Sematan, Sarawak",,,
MYSMM,"Semporna, Sabah",,,
MYSPE,Sepulot,,,
MYSWY,Sitiawan,,,
MYGTK,Sungei Tekai,,,
MYTPG,Taiping,,,
MYSXT,Taman Negara,,,
MZAME,Alto Molocue,,,
MZANO,Angoche,,,
MZBJN,Bajone,,,
MZCMZ,Caia,,,
MZINE,Chinde,,,
MZVJQ,Gurue,,,
MZIBO,Ibo,,,
MZIMG,Inhaminga,,,
MZLBM,Luabo,,,
MZMJS,Maganja Da Costa,,,
MZMFW,Magaruque,,,
MZRRM,Marromeu,,,
MZMMW,Moma,,,
MZMTU,Montepuez,,,
MZMUD,Mueda,,,
MZNND,Nangade,,,
MZLMZ,Palma,,,
MZPEB,Pebane,,,
MZNTC,Santa Carolina,,,
NAAIW,Ai-Ais,,,
NAADI,Arandis,,,
NABQI,Bagani,,,
NAGOG,Gobabis,,,
NAHAL,Halali,,,
NAKAS,Karasburg,,,
NAMQG,Midgard,,,
NAMJO,Mount Etjo Lodge,,,
NANNI,Namutoni,,,
NAOMG,Omega,,,
NAOGV,Ongava Game Reserve,,,
NAOPW,Opuwa,,,
NAOHI,Oshakati,,,
NAOTJ,Otjiwarongo,,,
NASZM,Sesriem,,,
NCTON,Tontouta Apt,,,
NERLT,Arlit,,,
NEBKN,Birni Nkoni,,,
NGQBU,Bauchi,,,
NGLOA,Lagos Murtala Muhammed Apt,,,
NGQNI,Onitsha,,,
NINCR,San Carlos,,,
NLAML,Ameland,,,
NLBUD,Budel,,,
NLDRA,Drachten,,,
NLHON,Hoeven,,,
NLHOV,Hoogeveen,,,
NLTEX,Texel,,,
NLWSC,Winschoten,,,
NOFGN,Fagernes,,,
NOGLL,Gol,,,
NOKTK,Kautokeino,,,
NOSLA,Sola,,,
NPBGL,Baglung,,,
NPBIT,Baitadi,,,
NPDAP,Darchula,,,
NPGKH,Gorkha,,,
NPJKR,Janakpur,,,
NPJIR,Jiri,,,
NPLTG,Langtang,,,
NPRJB,Rajbiraj,,,
NPRPA,Rolpa,,,
NPFEB,Sanfebagar,,,
NPTPU,Tikapur,,,
NZKKO,Kaikohe,,,
NZKWU,Mansion House,,,
NZOHA,Ohakea,,,
NZWNP,Whenuapai,,,
OMRMB,Buraimi,,,
OMBYB,Dibaa,,,
OMSUH,Sur,,,
PAAIL,Ailigandi,,,
PACDE,Caledonia,,,
PAMPI,Mamitupo,,,
PAAML,Puerto Armuelles,,,
PARIT,Rio Tigre,,,
PANMG,San Miguel,,,
PASYP,Santiago,,,
PATUE,Tupile,,,
PAPYV,Yavisa,,,
PEALD,Alerta,,,
PEBLP,Bellavista,,,
PEIBP,Iberia,,,
PEILQ,Ilo,,,
PEJAU,Jauja,,,
PEMLQ,Mollendo,,,
PERIJ,Rioja,,,
PESJA,San Juan,,,
PEAPE,San Juan Aposento,,,
PESMG,Santa Maria,,,
PESQU,Saposoa,,,
PESYC,Shiringayoc,,,
PGABW,Abau,,,
PGAFR,Afore,,,
PGAUP,Agaun,,,
PGAYU,Aiyura,,,
PGAMF,Ama,,,
PGAMU,Amanab,,,
PGAZB,Amazon Bay,,,
PGAMG,Amboin,,,
PGAGG,Angoram,,,
PGAKG,Anguganak,,,
PGAOB,Annanberg,,,
PGAPR,April River,,,
PGARP,Aragip,,,
PGAOA,Aroa,,,
PGAON,Arona,,,
PGAPP,Asapa,,,
PGAEK,Aseki,,,
PGASZ,Asirim,,,
PGABP,Atkamba,,,
PGAUI,Aua Island,,,
PGAUV,Aumo,,,
PGAWR,Awar,,,
PGBAP,Baibara,,,
PGBDZ,Baindoung,,,
PGBAJ,Bali,,,
PGBCP,Bambu,,,
PGBMZ,Bamu,,,
PGBNZ,Banz,,,
PGBPD,Bapi,,,
PGBWJ,Bawan,,,
PGBSP,Bensbach,,,
PGBEA,Bereina,,,
PGBWP,Bewani,,,
PGBAA,Bialla,,,
PGBRP,Biaru,,,
PGBIJ,Biliau,,,
PGBIZ,Bimin,,,
PGXBN,Biniguni,,,
PGBNV,Boana,,,
PGBOV,Boang,,,
PGBNM,Bodinumu,,,
PGBOQ,Boku,,,
PGBVP,Bolovip,,,
PGBMH,Bomai,,,
PGBPB,Boridi,,,
PGBRH,Brahman,,,
PGUBI,Buin,,,
PGBUL,Bulolo,,,
PGBNT,Bundi,,,
PGBXZ,Bunsil,,,
PGCGC,Cape Gloucester,,,
PGCPI,Cape Orford,,,
PGCPN,Cape Rodney,,,
PGCVL,Cape Vogel,,,
PGCVB,Chungribu,,,
PGDLB,Dalbertis,,,
PGDGG,Daugo,,,
PGDAF,Daup,,,
PGDBP,Debepare,,,
PGDER,Derim,,,
PGDNU,Dinangat,,,
PGDOS,Dios,,,
PGDDM,Dodoima,,,
PGDOI,Doini,,,
PGDOO,Dorobisoro,,,
PGDPU,Dumpu,,,
PGEFG,Efogi,,,
PGEPT,Eliptamin,,,
PGEMS,Embessa,,,
PGEMI,Emirau,,,
PGEMO,Emo,,,
PGEGA,Engati,,,
PGERE,Erave,,,
PGERU,Erume,,,
PGESA,Esa'ala,,,
PGFRQ,Feramin,,,
PGFIN,Finschhafen,,,
PGFAQ,Freida River,,,
PGFUB,Fulleborn,,,
PGFUM,Fuma,,,
PGGAR,Garaina,,,
PGGRL,Garasa,,,
PGGRH,Garuahi,,,
PGGBC,Gasuke,,,
PGGEW,Gewoia,,,
PGGWN,Gnarowein,,,
PGGOE,Gonalia,,,
PGGOC,Gora,,,
PGGEI,Green Islands,,,
PGGVI,Green River,,,
PGGUG,Guari,,,
PGGAZ,Guasopa,,,
PGGLP,Gulgubip,,,
PGGUE,Guriaso,,,
PGGAP,Gusap,,,
PGHEO,Haelogo,,,
PGHAZ,Hatzfeldthaven,,,
PGHWA,Hawabango,,,
PGHYF,Hayfields,,,
PGHNI,Heiweni,,,
PGHIT,Hivaro,,,
PGHNN,Honinabi,,,
PGIMA,Iamalele,,,
PGIAU,Iaura,,,
PGIBI,Iboki,,,
PGILX,Ileg,,,
PGIMN,Imane,,,
PGIMD,Imonda,,,
PGIDN,Indagen,,,
PGIUS,Inus,,,
PGIOK,Iokea,,,
PGIOP,Ioma,,,
PGJOP,Josephstaal,,,
PGKBM,Kabwum,,,
PGKGW,Kagi,,,
PGAGK,Kagua,,,
PGKIA,Kaiapit,,,
PGKZF,Kaintiba,,,
PGKDQ,Kamberatoro,,,
PGKMF,Kamina,,,
PGKJU,Kamiraba,,,
PGKAQ,Kamulai,,,
PGKEX,Kanabea,,,
PGKNE,Kanainj,,,
PGKDP,Kandep,,,
PGKTK,Kanua,,,
PGKAK,Kar,,,
PGKAF,Karato,,,
PGKRJ,Karawari,,,
PGKMR,Karimui,,,
PGKXR,Karoola,,,
PGKSB,Kasanombe,,,
PGKWO,Kawito,,,
PGKEG,Keglsugl,,,
PGKNL,Kelanoa,,,
PGKRU,Kerau,,,
PGKIE,Kieta,,,
PGKIZ,Kikinonda,,,
PGKIQ,Kira,,,
PGKSG,Kisengan,,,
PGKVE,Kitava,,,
PGKWX,Kiwai Island,,,
PGKMB,Koinambe,,,
PGKOR,Kokoro,,,
PGKQL,Kol,,,
PGKCJ,Komaio,,,
PGHOC,Komako,,,
PGKOM,Komo-Manda,,,
PGKPM,Kompiam,,,
PGKGB,Konge,,,
PGKPA,Kopiago,,,
PGKDE,Koroba,,,
PGKSP,Kosipe,,,
PGKGM,Kungum,,,
PGKUP,Kupiano,,,
PGKUQ,Kuri,,,
PGKWV,Kurwina,,,
PGLAB,Lablab,,,
PGLGM,Laiagam,,,
PGLMG,Lamassa,,,
PGLNM,Langimar,,,
PGLHP,Lehu,,,
PGLTF,Leitre,,,
PGLNC,Lengbati,,,
PGLPN,Leron Plains,,,
PGLNG,Lese,,,
PGLGN,Linga Linga,,,
PGLNQ,Loani,,,
PGLSJ,Long Island,,,
PGLWI,Lowai,,,
PGLMI,Lumi,,,
PGMPG,Makini,,,
PGMMV,Mal,,,
PGMLQ,Malalaua,,,
PGMKN,Malekolon,,,
PGMAP,Mamai,,,
PGMRM,Manare,,,
PGMVI,Manetai,,,
PGMGP,Manga,,,
PGMFO,Manguna,,,
PGUUU,Manumu,,,
PGMPF,Mapoda,,,
PGMPU,Mapua,,,
PGMWI,Maramuni,,,
PGMWG,Marawaka,,,
PGMGG,Margarima,,,
PGMNP,Maron,,,
PGMBV,Masa,,,
PGMRH,May River,,,
PGMYX,Menyamya,,,
PGMFZ,Mesalia,,,
PGMXK,Mindik,,,
PGMZN,Minj,,,
PGMPX,Miyanmin,,,
PGMJJ,Moki,,,
PGMHY,Morehead,,,
PGOBM,Morobe,,,
PGGUV,Mougulu,,,
PGUAE,Mount Aue,,,
PGLNF,Munbil,,,
PGMDM,Munduku,,,
PGMWU,Mussau,,,
PGNDN,Nadunumu,,,
PGATN,Namatanai,,,
PGNBA,Nambaiyufa,,,
PGNDI,Namudi,,,
PGNKN,Nankina,,,
PGNOO,Naoro,,,
PGGBF,Negarbo,,,
PGNGR,Ningerum,,,
PGNPG,Nipa,,,
PGNOM,Nomad River,,,
PGNMN,Nomane,,,
PGNWT,Nowata,,,
PGNUG,Nuguria,,,
PGNUT,Nutuve,,,
PGOGE,Ogeranang,,,
PGOKP,Oksapmin,,,
PGOLQ,Olsobip,,,
PGOML,Omkalai,,,
PGOSE,Omora,,,
PGOPB,Open Bay,,,
PGRAX,Oram,,,
PGOTY,Oria,,,
PGOSG,Ossima,,,
PGPLE,Paiela,,,
PGPAW,Pambwa,,,
PGPGN,Pangia,,,
PGPGB,Pangoa,,,
PGPPX,Param,,,
PGPMP,Pimaga,,,
PGPDI,Pindiu,,,
PGRGE,Porgera,,,
PGPUA,Puas,,,
PGPMN,Pumani,,,
PGPUI,Pureni,,,
PGRBP,Rabaraba,,,
PGRAA,Rakanda,,,
PGRNR,Robinson River,,,
PGRMN,Rumginae,,,
PGRUU,Ruti,,,
PGSBV,Sabah,,,
PGSFU,Safia,,,
PGSGJ,Sagarai,,,
PGSDI,Saidor,,,
PGSAM,Salamo,,,
PGSGK,Sangapi,,,
PGSMH,Sapmanga,,,
PGSWG,Satwag,,,
PGSXW,Sauren,,,
PGSXH,Sehulea,,,
PGSBC,Selbang,,,
PGSPV,Sepik Plains,,,
PGSXA,Sialum,,,
PGSSS,Siassi,,,
PGSIL,Sila,,,
PGSWR,Silur,,,
PGSMJ,Sim,,,
PGNIS,Simberi Island,,,
PGSGB,Singaua,,,
PGSIZ,Sissano,,,
PGSWE,Siwea,,,
PGSPH,Sopu,,,
PGSMP,Stockholm,,,
PGSBE,Suabi,,,
PGULE,Sule,,,
PGSUZ,Suria,,,
PGTBA,Tabibuga,,,
PGTGL,Tagula,,,
PGTLW,Talasea,,,
PGTBQ,Tarabo,,,
PGTRJ,Tarakbits,,,
PGTSK,Taskul,,,
PGTUT,Tauta,,,
PGTWY,Tawa,,,
PGTKB,Tekadu,,,
PGTKW,Tekin,,,
PGTEP,Teptep,,,
PGTEO,Terapo,,,
PGTFA,Tilfalmin,,,
PGTBE,Timbunke,,,
PGTCK,Tinboli,,,
PGTIG,Tingwon,,,
PGTLO,Tol,,,
PGTON,Tonu,,,
PGTCJ,Torembi,,,
PGTOK,Torokina,,,
PGTSW,Tsewi,,,
PGTSI,Tsili Tsili,,,
PGTLP,Tumolbil,,,
PGUMC,Umba,,,
PGUPR,Upiara,,,
PGURU,Uroubi,,,
PGUSO,Usino,,,
PGUVO,Uvol,,,
PGVIV,Vivigani,,,
PGWAB,Wabag,,,
PGWAO,Wabo,,,
PGWGU,Wagau,,,
PGWKN,Wakunai,,,
PGWTT,Wantoat,,,
PGWNU,Wanuma,,,
PGWBC,Wapolu,,,
PGWSU,Wasu,,,
PGWSA,Wasua,,,
PGWUM,Wasum,,,
PGWUG,Wau,,,
PGWAJ,Wawoi Falls,,,
PGWEP,Weam,,,
PGWED,Wedau,,,
PGWIU,Witu,,,
PGWOA,Wonenara,,,
PGWUV,Wuvulu Is,,,
PGKYX,Yalumet,,,
PGKPE,Yapsiei,,,
PGKSX,Yasuru,,,
PGPGE,Yegepa,,,
PGXYR,Yellow River,,,
PGYEQ,Yenkis,,,
PGYVD,Yeva,,,
PGKGH,Yongai,,,
PGRKU,Yule Island,,,
PGZEN,Zenag,,,
PHAAV,Alah,,,
PHBNQ,Baganga/Mati,,,
PHBQA,Baler/Siain,,,
PHBPH,"Bislig, Mindanao",,,
PHCDY,Cagayan de Sulu,,,
PHCGG,Casiguran/Siain,,,
PHXCN,Coron,,,
PHDTE,Daet,,,
PHDSG,Dilasag,,,
PHIGN,"Iligan, Mindanao",,,
PHIPE,Ipil/Zamboanga,,,
PHLWA,Lwbak,,,
PHMLP,Malabang,,,
PHMBO,Mamburao,,,
PHXMA,Maramag,,,
PHMXI,"Mati, Mindanao",,,
PHORC,Ormoc/Tacloban,,,
PHNSP,Sangley Point,,,
PHSSV,Siasi,,,
PHICO,Sicogon Island,,,
PHXSO,Siocon/Zamboanga,,,
PHTGB,Tagbita,,,
PHTWT,Tawitawi,,,
PKAAW,Abbottabad,,,
PKATG,Attock,,,
PKWGB,Bahawalnagar,,,
PKBHC,Bhurban,,,
PKCWP,Campbellpore,,,
PKCHB,Chilas,,,
PKDDU,Dadu,,,
PKGRT,Gujrat,,,
PKJAG,Jacobabad,,,
PKKCF,Kadanwari,,,
PKKBH,Kalat,,,
PKQKH,Kharian,,,
PKOHT,Kohat,,,
PKLRG,Lora Lai,,,
PKHRA,Mansehra,,,
PKMWD,Mianwali,,,
PKMPD,Mirpur Khas (= Sindhri),,,
PKNHS,Nushki,,,
PKRWP,Rawalpindi,,,
PKSWN,Sahiwal,,,
PKSGI,Sargodha,,,
PKZEO,Savi Ragha,,,
PKSWV,Shikarpur,,,
PKSBQ,Sibi,,,
PKTFT,Taftan,,,
PKTLB,Tarbela,,,
PKWAF,Wana,,,
PLQKD,Elk,,,
PLQXQ,Stalowa Wola,,,
PLSZY,Szymany,,,
PLQEP,Tarnobrzeg,,,
PLQAZ,Zakopane,,,
PRDDP,Dorado,,,
PRHUC,Humacao,,,
PRNRR,Roosevelt Roads,,,
PYAYO,Ayolas,,,
PYFLM,Filadelfia,,,
PYESG,Mariscal Estigarribia,,,
PYPIL,Pilar,,,
PYVMI,Vallemi,,,
ROBPU,Baneasa Apt/Bucuresti,,,
ROBUH,Bucuresti,,,
RUACS,Achinsk,,,
RUBCX,Beloreck,,,
RUINA,Inta,,,
RUIWA,Ivanova,,,
RUKMU,Kamskoye Ustye,,,
RUGDG,Magdagachi,,,
RUNEF,Neftekamsk,,,
RUNER,Neryungri,,,
RUNVR,Novgorod,,,
RUOKT,Oktyabr'skiy,,,
RUPVX,Provedenia,,,
RURZN,Ryazan,,,
RULNX,Smolensk,,,
RUTOX,Tobolsk,,,
RUTYD,Tynda,,,
RUVLK,Volgodonsk,,,
RUVYG,Vyborg,,,
RWBTQ,Butare,,,
RWRHG,Ruhengeri,,,
SAKMX,Khamis Mushayt,,,
SAMJH,Majma,,,
SAQTF,Qatif,,,
SAUZH,Unayzah,,,
SAWAE,Wadi ad Dawasir,,,
SAAWI,Waisumah,,,
SAZUL,Zilfi,,,
SBAVU,"Avu Avu, Guadalcanal Is",,,
SBVEV,Barakoma,,,
SBGEF,Geva,,,
SBKUE,Kukundu,,,
SBKWR,Kwai Harbour,,,
SBKWS,Kwailabesi,,,
SBONE,"Onepusu, Malaita Island",,,
SBOTV,Ontong Java,,,
SBPRS,"Parasi, Malaita Island",,,
SBNNB,Santa Ana,,,
SBSVY,Savo,,,
SBTAA,Tarapaina,,,
SBTLG,"Tulagi, Ngella",,,
SBVIU,Viru Harbour,,,
SCDEI,Denis Island,,,
SDAAD,Ad Dabbah,,,
SDDNX,Dinder,,,
SDEDB,Eldebba,,,
SDNUD,En Nahud,,,
SDGSU,Gedaref,,,
SDGBU,Khashm El Girba,,,
SDMWE,Merowe,,,
SDNHF,New Halfa,,,
SDRSS,Roseires,,,
SEEKT,Eskilstuna,,,
SEHEL,Helsingborg,,,
SEIDB,Idre,,,
SGTGA,Tengah,,,
SHASI,Georgetown,,,
SKLUE,Lucenec,,,
SKPOV,Presov,,,
SLDSL,Daru,,,
SLKBA,Kabala,,,
SLSRK,Sierra Leone Apt,,,
SMSAI,San Marino,,,
SNKDA,Kolda,,,
SNNIK,Niokolo Koba,,,
SNPOD,Podor,,,
SNRDT,Richard Toll,,,
SNSMY,Simenti,,,
SOBIB,Baidoa,,,
SOBSY,Bardera,,,
SOCXN,Candala,,,
SOHCM,Eil,,,
SOERA,Erigavo,,,
SOGBM,Garbaharey,,,
SOGSR,Gardo,,,
SOLKR,Las Khoreh,,,
SOLGX,Lugh Ganane,,,
SOCMO,Obbia,,,
SOCMS,Scusciuban,,,
SRKCB,Kasikasima,,,
SRMOJ,Moengo,,,
SRWSO,Washabo,,,
STPGP,Porto Alegre,,,
SYSOR,Al Thaurah,,,
SYQDR,Dera'a,,,
SYQSW,Sweida,,,
SZQMN,Mbabane,,,
TCPIC,Pine Cay,,,
TDATV,Ati,,,
TDBKR,Bokoro,,,
TDOTC,Bol,,,
TDOGR,Bongor,,,
TDOUT,Bousso,,,
TDLTC,Lai,,,
TDAMO,Mao,,,
TDMEF,Melfi,,,
TDMVO,Mongo,,,
TDOUM,Oum Hadjer,,,
TDPLF,Pala,,,
TDAKM,Zakouma,,,
TNBIZ,Bizerte,,,
TNQKN,Kairouan,,,
TNSUS,Sousse,,,
TONFO,Niuafo'ou,,,
TRHAT,Hatay,,,
TRKTM,Kastamonu,,,
TRKCO,Kocaeli,,,
TRMQJ,Merkez Apt/Balikesir,,,
TRMIL,Milas,,,
TRNEV,Nevsehir,,,
TRSXZ,Siirt,,,
TRTJK,Tokat,,,
TRUSA,Usak,,,
TTTEM,Tembladora,,,
TWLHN,Lishan,,,
TZGIT,Geita,,,
TZKIY,Kilwa,,,
TZLUY,Lushoto,,,
TZXMI,Masasi,,,
TZMBI,Mbeya,,,
TZMWN,Mwadui,,,
TZNCH,Nachingwea,,,
TZJOM,Njombe,,,
TZPMA,Pemba,,,
TZSGX,Songea,,,
TZSUT,Sumbawanga,,,
UAKHU,Kremenchug,,,
UAMXR,Mirgorod,,,
UASEV,Severodoneck,,,
UAUMY,Sumy,,,
UGJIN,Jinja,,,
UGKBG,Kabalega Falls,,,
UGKSE,Kasese,,,
UGKCU,Masindi,,,
UGMBQ,Mbarara,,,
UGTRY,Tororo,,,
USADG,Adrian,,,
USAFO,Afton,,,
USAIK,Aiken,,,
USKKI,Akiachak,,,
USAKO,Akron,,,
USAEL,Albert Lea,,,
USAED,Aleneva,,,
USAXN,Alexandria,,,
USAIV,Aliceville,,,
USAMN,Alma,,,
USALN,Alton,,,
USAQY,Alyeska,,,
USAHT,Amchitka,,,
USAHH,Amery,,,
USAMW,Ames,,,
USAYZ,Amityville,,,
USNDV,Anacostia,,,
USAID,Anderson,,,
USADR,Andrews,,,
USUBO,Andrews,,,
USAXX,Angel Fire,,,
USRFK,Anguilla,,,
USAIB,Anita Bay,,,
USANY,Anthony,,,
USATE,Antlers,,,
USAPV,Apple Valley,,,
USJAR,Arcadia,,,
USJLH,Arlington Heights,,,
USATM,Artesia,,,
USATS,Artesia,,,
USARX,Asbury Park,,,
USASD,Ashland,,,
USASX,Ashland,,,
USASY,Ashley,,,
USATO,Athens,,,
USAIO,Atlantic,,,
USAIY,Atlantic City,,,
USATU,Attu Island,,,
USAUN,Auburn,,,
USAUZ,Aurora,,,
USAUM,Austin,,,
USASQ,Austin,,,
USAVO,Avon Park,,,
USBGT,Bagdad,,,
USBKE,Baker,,,
USBAR,Baker Island,,,
USBDY,Bandon,,,
USBNG,Banning,,,
USBNF,Baranof,,,
USNAX,Barbers Point (Oahu),,,
USBNL,Barnwell,,,
USBVO,Bartlesville,,,
USBSZ,Bartletts,,,
USHLB,Batesville,,,
USBAM,Battle Mountain,,,
USBBC,Bay City,,,
USHPY,Baytown,,,
USBCC,Bear Creek,,,
USBIE,Beatrice,,,
USBTY,Beatty,,,
USBVD,Beaver Inlet,,,
USBFR,Bedford,,,
USNIR,Beeville,,,
USKBE,Bell Island,,,
USACB,Bellaire,,,
USBCS,Belle Chasse,,,
USPSB,Bellefonte-Clearfield Apt,,,
USBLM,Belmar,,,
USBVU,Beluga,,,
USBTN,Bennettsville,,,
USBBB,Benson,,,
USJBK,Berkeley,,,
USBML,Berlin,,,
USBPA,Bethpage,,,
USRBF,Big Bear,,,
USBIC,Big Creek,,,
USBGQ,Big Lake,,,
USBPI,Big Piney,,,
USWBR,Big Rapids,,,
USHCA,Big Spring,,,
USBSQ,Bisbee,,,
USBIH,Bishop,,,
USBCB,Blacksburg,,,
USBWL,Blackwell,,,
USBWS,Blaine,,,
USBSI,Blairsville,,,
USBDG,Blanding,,,
USBLU,Blue Canyon,,,
USBFB,Blue Fox Bay,,,
USBXA,Bogalusa,,,
USRLU,Bornite,,,
USBSW,Boswell Bay,,,
USBYA,Boundary,,,
USBTF,Bountiful,,,
USAPH,Bowling Green,,,
USBWM,Bowman,,,
USBDF,Bradford,,,
USBBD,Brady,,,
USPLK,Branson,,,
USBZT,Brazoria,,,
USTTO,Britton,,,
USBDX,Broadus,,,
USBBW,Broken Bow,,,
USBOK,Brookings,,,
USRBH,Brooks Lodge,,,
USNHZ,Brunswick,,,
USBYG,Buffalo,,,
USBYI,Burley-Rupert Apt,,,
USBBF,Burlington,,,
USBNO,Burns,,,
USBUM,Butler,,,
USBTP,Butler,,,
USCBZ,Cabin Creek,,,
USCAD,Cadillac,,,
USCIR,Cairo,,,
USCLR,Calipatria,,,
USCWG,Callaway Gardens,,,
USCTO,Calverton,,,
USJHY,Cambridge,,,
USCGE,Cambridge,,,
USCDH,Camden,,,
USCZZ,Campo,,,
USCDL,Candle,,,
USCNE,Canon City,,,
USCTK,Canton,,,
USCZP,Cape Pole,,,
USCSP,Cape Spencer,,,
USMDH,Carbondale,,,
USCZT,Carrizo Springs,,,
USCIN,Carroll,,,
USCSN,Carson City,,,
USCZK,Cascade Locks,,,
USCWS,Center Island,,,
USGHM,Centerville,,,
USENL,Centralia,,,
USCHL,Challis,,,
USWCR,Chandalar,,,
USCHD,Chandler,,,
USCNU,Chanute,,,
USCCY,Charles City,,,
USCEX,Chena Hot Springs,,,
USHCW,Cheraw,,,
USKCN,Chernofski,,,
USCKK,Cherokee,,,
USCKA,Cherokee,,,
USUFG,Chesapeake,,,
USCKX,Chicken,,,
USCHZ,Chiloquin,,,
USCZO,Chistochina,,,
USCXC,Chitina,,,
USCIV,Chomley,,,
USCHP,Circle Hot Springs,,,
USCNH,Claremont,,,
USCLP,Clarks Point,,,
USCKM,Clarksdale,,,
USCAO,Clayton,,,
USPSB,Clearfield-Bellefonte Apt,,,
USCFT,Clifton,,,
USCLI,Clintonville,,,
USCLG,Coalinga,,,
USCFA,Coffee Point,,,
USCBK,Colby,,,
USCOM,Coleman,,,
USCGS,College Park,,,
USKCR,Colorado Creek,,,
USCOA,Columbia,,,
USMRC,Columbia,,,
USCLU,Columbus,,,
USVDA,Columbus,,,
USUBS,Columbus,,,
USOLU,Columbus,,,
USCNK,Concordia,,,
USCEV,Connersville,,,
USJLA,Cooper Lodge,,,
USCOP,Cooperstown,,,
USCZC,Copper Centre,,,
USQCE,Copper Mountain,,,
USCRO,Corcoran,,,
USCBA,Corner Bay,,,
USCTX,Cortland,,,
USCTW,Cottonwood,,,
USCBF,Council Bluffs,,,
USCIG,Craig,,,
USCKR,Crane Island,,,
USCSE,Crested Butte,,,
USCSQ,Creston,,,
USCKN,Crookston,,,
USCRT,Crossett,,,
USCSV,Crossville,,,
USNRC,Crows Landing,,,
USCYE,Crystal Lake,,,
USCUW,Cube Cove,,,
USCVR,Culver City,,,
USCUH,Cushing,,,
USDAG,Daggett,,,
USDCK,Dahl Creek,,,
USDGN,Dahlgren,,,
USDGB,Danger Bay,,,
USDSV,Dansville,,,
USDAN,Danville,,,
USDTH,Death Valley,,,
USDCU,Decatur,,,
USDCR,Decatur,,,
USDTR,Decatur Island,,,
USDEH,Decorah,,,
USWDB,Deep Bay,,,
USDPK,Deer Park,,,
USDJN,Delta Junction,,,
USDMN,Deming,,,
USDNS,Denison,,,
USDSI,Destin,,,
USDTL,Detroit Lakes,,,
USDLN,Dillon,,,
USDIO,Diomede Island,,,
USDLO,Dolomi,,,
USDOF,Dora Bay,,,
USDGW,Douglas/Converse,,,
USJDY,Downey,,,
USDYL,Doylestown,,,
USDRF,Drift River,,,
USDRU,Drummond,,,
USDRE,Drummond Island,,,
USPSK,Dublin,,,
USDBS,Dubois,,,
USDUF,Duck,,,
USDPG,Dugway,,,
USELA,Eagle Lake,,,
USEFO,East Fork,,,
USHTO,East Hampton,,,
USEHT,East Hartford,,,
USESP,East Stroudsburg,,,
USETN,Eastland,,,
USESW,Easton,,,
USEDE,Edenton,,,
USEDA,Edna Bay,,,
USEFB,Eight Fathom Bight,,,
USKKU,Ekuk,,,
USCJN,El Cajon,,,
USEDK,El Dorado,,,
USEMT,El Monte,,,
USERO,Eldred Rock,,,
USELK,Elk City,,,
USELW,Ellamar,,,
USELN,Ellensburg,,,
USEMB,Embarcadero/San Francisco,,,
USJEM,Emeryville,,,
USENC,Endicott,,,
USKEB,English Bay,,,
USETS,Enterprise,,,
USEPH,Ephrata,,,
USERR,Errol,,,
USESO,Espanola,,,
USEST,Estherville,,,
USUCE,Eunice,,,
USEKA,Eureka,,,
USEUE,Eureka,,,
USEVA,Evadale,,,
USEVM,Eveleth,,,
USFBY,Fairbury,,,
USFFL,Fairfield,,,
USFRM,Fairmont,,,
USFLJ,Falls Bay,,,
USFAK,False Island,,,
USFWL,Farewell,,,
USFRG,Farmingdale,,,
USFAM,Farmington,,,
USFYM,Fayetteville,,,
USFIL,Fillmore,,,
USFIC,Fire Cove,,,
USFID,Fishers Island,,,
USFIV,Five Finger,,,
USFMC,Five Mile,,,
USFLT,Flat,,,
USFXM,Flaxman Island,,,
USFLU,Flushing Apt/New York,,,
USNHX,Foley,,,
USDAA,Fort Belvoir,,,
USFOB,Fort Bragg,,,
USCCA,Fort Chaffee,,,
USAYE,Fort Devens,,,
USFPR,Fort Pierce,,,
USFSN,Fort Sheridan,,,
USFSU,Fort Sumner,,,
USQFW,Fort Washington,,,
USFWT,Fort Worth,,,
USFTL,Fortuna Ledge,,,
USFOX,Fox,,,
USZFO,Franconia,,,
USFFT,Frankfort,,,
USFKN,Franklin,,,
USFDR,Frederick,,,
USFEP,Freeport,,,
USFRH,French Lick,,,
USFRY,Fryeburg,,,
USGAB,Gabbs,,,
USGAK,Gakona,,,
USGBH,Galbraith Lake,,,
USGEK,Ganes Creek,,,
USJHC,Garden City,,,
USGDM,Gardner,,,
USGKT,Gatlinburg,,,
USGTY,Gettysburg,,,
USKGZ,Glacier Creek,,,
USGLW,Glasgow,,,
USJGX,Glendale,,,
USGWV,Glendale,,,
USGLQ,Glennallen,,,
USGWS,Glenwood Springs,,,
USNEA,Glynco,,,
USGOL,Gold Beach,,,
USGDH,Golden Horn,,,
USGNG,Gooding,,,
USGVE,Gordonsville,,,
USGVW,Grandview,,,
USGMT,Granite Mountain,,,
USGBR,Great Barrington,,,
USGBD,Great Bend,,,
USGXY,Greeley,,,
USRVR,Green River,,,
USGFD,Greenfield,,,
USGRE,Greenville,,,
USGRD,Greenwood,,,
USGUF,Gulf Shores,,,
USGOK,Guthrie,,,
USGUY,Guymon,,,
USHAF,Half Moon Bay,,,
USHAB,Hamilton,,,
USHPT,Hampton,,,
USPAK,Hanapepe,,,
USHVE,Hanksville,,,
USHNX,Hanna,,,
USHBC,Hanus Bay,,,
USHSB,Harrisburg,,,
USHVS,Hartsville,,,
USHSI,Hastings,,,
USHNC,Hatteras,,,
USHAE,Havasupai,,,
USHWI,Hawk Inlet,,,
USHTH,Hawthorne,,,
USHAY,Haycock,,,
USHYR,Hayward,,,
USHEE,Helena,,,
USHMT,Hemet,,,
USHEV,Hendersonville,,,
USHED,Herendeen,,,
USAHC,Herlong,,,
USHES,Hermiston,,,
USHDA,Hidden Falls,,,
USHLC,Hill City,,,
USLIY,Hinesville,,,
USHBH,Hobart Bay,,,
USHFF,Hoffman,,,
USHGZ,Hogatza,,,
USHDE,Holdrege,,,
USHLI,Hollister,,,
USHMS,Homeshore,,,
USHSP,Hot Springs,,,
USHUM,Houma,,,
USHUD,Humboldt,,,
USHNB,Huntingburg,,,
USHTV,Huntsville,,,
USIDG,Ida Grove,,,
USIML,Imperial,,,
USNRS,Imperial Beach,,,
USIDP,Independence,,,
USIDI,Indiana,,,
USIFA,Iowa Falls,,,
USIRB,Iraan,,,
USISL,Isabel Pass,,,
USKIB,Ivanof Bay,,,
USIVH,Ivishak,,,
USKPT,Jackpot,,,
USMJQ,Jackson,,,
USIJX,Jacksonville,,,
USJKV,Jacksonville,,,
USAFN,Jaffrey,,,
USAPT,Jasper,,,
USJAS,Jasper,,,
USEFW,Jefferson,,,
USJFN,Jefferson,,,
USJDA,John Day,,,
USHGT,Jolon,,,
USJDN,Jordan,,,
USJCT,Junction,,,
USUNU,Juneau,,,
USKKF,Kagvik Creek,,,
USKNK,Kakhonak,,,
USKKK,Kalakaket,,,
USKNB,Kanab,,,
USKCK,Kansas City,,,
USKKL,Karluk Lake,,,
USKXA,Kasaan,,,
USVIK,Kavik,,,
USMVM,Kayenta,,,
USKEU,Kelly Bar,,,
USKLP,Kelp Bay,,,
USKNT,Kennett,,,
USKKT,Kentland,,,
USKYL,Key Largo,,,
USILE,Killeen,,,
USKIC,King City,,,
USKZH,Kizhuyak,,,
USKBK,Klag Bay,,,
USOKK,Kokomo,,,
USOSX,Kosciusko,,,
USKUW,Kugururok River,,,
USLGD,La Grande,,,
USWLB,Labouchere Bay,,,
USLCI,Laconia,,,
USXES,Lake Geneva,,,
USLJN,Lake Jackson,,,
USLMA,Lake Minchumina,,,
USLKS,Lakeside,,,
USLKV,Lakeview,,,
USWJF,Lancaster,,,
USLPO,Laporte,,,
USLTH,Lathrop Wells,,,
USLUL,Laurel,,,
USLWV,Lawrenceville,,,
USLVL,Lawrenceville,,,
USLXV,Leadville,,,
USLEE,Leesburg,,,
USLRJ,Lemars,,,
USLXN,Lexington,,,
USLVD,Lime Village,,,
USLIC,Limon,,,
USLRK,Lincoln Rock,,,
USWLN,Little Naukati,,,
USLPW,Little Port Walter,,,
USLNI,Lonely,,,
USLIJ,Long Island,,,
USLOG,Longview,,,
USWLR,Loring,,,
USLSN,Los Banos,,,
USLHB,Lost Harbor,,,
USLSR,Lost River,,,
USLOW,Louisa,,,
USLFN,Louisburg,,,
USLMS,Louisville,,,
USPOY,Lovell-Powell Apt,,,
USLOL,Lovelock,,,
USLDM,Ludington,,,
USLBT,Lumberton,,,
USLSK,Lusk,,,
USLLX,Lyndonville,,,
USLYO,Lyons,,,
USMPE,Madison,,,
USMDN,Madison,,,
USXMD,Madison,,,
USMDJ,Madison-Madras Apt,,,
USMDJ,Madras-Madison Apt,,,
USAGO,Magnolia,,,
USMAW,Malden,,,
USMLK,Malta,,,
USMXA,Manila,,,
USISQ,Manistique,,,
USMKT,Mankato,,,
USMEO,Manteo,,,
USNTJ,Manti,,,
USJVI,Manville,,,
USMYH,Marble Canyon,,,
USMRF,Marfa,,,
USRTE,Marguerite Bay,,,
USMZZ,Marion,,,
USMNN,Marion,,,
USMMS,Marks,,,
USMML,Marshall,,,
USMHL,Marshall,,,
USMGI,Matagorda Island,,,
USMTO,Mattoon,,,
USMYK,May Creek,,,
USNRB,Mayport,,,
USRNC,McMinnville,,,
USMPR,McPherson,,,
USMQW,McRae,,,
USMEJ,Meadville,,,
USMDF,Medford,,,
USMDR,Medfra,,,
USMLB,Melbourne,,,
USMFV,Melfa,,,
USZMV,Melville,,,
USDRA,Mercury,,,
USRRL,Merrill,,,
USMSC,Mesa,,,
USWMK,Meyers Chuck,,,
USMIO,Miami,,,
USMDO,Middleton Island,,,
USILD,Midland,,,
USDBD,Midway,,,
USMEV,Minden,,,
USMES,Minneapolis,,,
USMHE,Mitchell,,,
USMIF,Monahans,,,
USMVC,Monroeville,,,
USSIY,Montague,,,
USMTP,Montauk,,,
USMVE,Montevideo,,,
USMXO,Monticello,,,
USMSV,Monticello,,,
USMXC,Monticello,,,
USQMV,Montvale,,,
USGMV,Monument Valley Gldngs,,,
USPTN,Morgan City-Patterson Apt,,,
USMPJ,Morrilton,,,
USMOX,Morris,,,
USMOR,Morristown,,,
USMOS,Moses Point,,,
USMPZ,Mount Pleasant,,,
USMOP,Mount Pleasant,,,
USMSD,Mount Pleasant,,,
USMPO,Mount Pocono,,,
USMHS,Mount Shasta,,,
USMUU,Mount Union,,,
USMWS,Mount Wilson,,,
USWMH,Mountain Home,,,
USMHN,Mullen,,,
USMUT,Muscatine,,,
USOCH,Nacogdoches,,,
USNNK,Naknek,,,
USNOL,Nakolik River,,,
USWNA,Napakiak,,,
USPKA,Napaskiak,,,
USHEZ,Natchez,,,
USNKI,Naukiti,,,
USENN,Nenana,,,
USEOS,Neosho,,,
USNPH,Nephi,,,
USNVD,Nevada,,,
USRNH,New Richmond,,,
USULM,New Ulm,,,
USECS,Newcastle,,,
USNWH,Newport,,,
USNPT,Newport,,,
USEFK,Newport,,,
USTNU,Newton,,,
USNIE,Niblack,,,
USNKV,Nichen Cove,,,
USNLE,Niles,,,
USNIN,Ninilchik,,,
USOFK,Norfolk,,,
USOUN,Norman,,,
USOWK,Norridgewock,,,
USOHC,Northeast Cape,,,
USORQ,Norwalk,,,
USOIC,Norwich,,,
USNOT,Novato,,,
USZNC,Nyac,,,
USOBT,Oakland,,,
USOTN,Oaktown,,,
USOCE,Ocean City,,,
USOCI,Oceanic,,,
USOCN,Oceanside,,,
USOGA,Ogallala,,,
USOIL,Oil City,,,
USOKM,Okmulgee,,,
USOLD,Old Town,,,
USOLE,Olean,,,
USOLY,Olney,,,
USONY,Olney,,,
USOMK,Omak,,,
USONL,O'Neill,,,
USONN,Onion Bay,,,
USONO,Ontario,,,
USOPL,Opelousas,,,
USOVE,Oroville,,,
USOSB,Osage Beach,,,
USOEO,Osceola,,,
USOKS,Oshkosh,,,
USOOA,Oskaloosa,,,
USOTO,Otto,,,
USOTM,Ottumwa,,,
USOWA,Owatonna,,,
USOZR,Ozark,,,
USPFC,Pacific City,,,
USPBK,Pack Creek,,,
USPFA,Paf Warren,,,
USPGO,Pagosa Springs,,,
USPMU,Paimiut,,,
USPVZ,Painesville,,,
USPCE,Painter Creek,,,
USPMX,Palmer,,,
USPPA,Pampa,,,
USPNU,Panguitch,,,
USWPO,Paonia,,,
USPGR,Paragould,,,
USPHT,Paris,,,
USPRX,Paris,,,
USPKF,Park Falls,,,
USPKD,Park Rapids,,,
USKPK,Parks,,,
USPPF,Parsons,,,
USPSD,Pasadena,,,
USPGL,Pascagoula,,,
USPRB,Paso Robles,,,
USPTN,Patterson-Morgan City Apt,,,
USKPH,Pauloff Harbor,,,
USPGS,Peach Springs,,,
USPLR,Pell City,,,
USFPY,Perry,,,
USPRO,Perry,,,
USPYL,Perry Island,,,
USPGC,Petersburg,,,
USPNF,Peterson's Point,,,
USPHP,Philip,,,
USPCU,Picayune,,,
USLQK,Pickens,,,
USXPR,Pine Ridge,,,
USPTS,Pittsburg,,,
USPSF,Pittsfield,,,
USPVF,Placerville,,,
USPVW,Plainview,,,
USPLB,Plattsburgh,,,
USPTR,Pleasant Harbour,,,
USPWD,Plentywood,,,
USPLY,Plymouth,,,
USPOH,Pocahontas,,,
USPRT,Point Retreat,,,
USPXL,Polacca,,,
USPOQ,Polk Inlet,,,
USPVY,Pope Vanoy,,,
USPCK,Porcupine Creek,,,
USPTD,Port Alexander,,,
USPTC,Port Alice,,,
USPTL,Port Armstrong,,,
USPFD,Port Frederick,,,
USPGM,Port Graham,,,
USPRF,Port Johnson,,,
USPJS,Port San Juan,,,
USPWR,Port Walter,,,
USPCA,Portage Creek,,,
USPTV,Porterville,,,
USPMH,Portsmouth,,,
USRKR,Poteau,,,
USPOU,Poughkeepsie,,,
USPUL,Poulsbo,,,
USPOY,Powell-Lovell Apt,,,
USPCD,Prairie du Chien,,,
USPRW,Prentice,,,
USPNN,Princeton,,,
USPCT,Princeton,,,
USUKT,Quakertown,,,
USUQE,Queen,,,
USUIL,Quillayute,,,
USNCO,Quonset Point,,,
USRNG,Rangely,,,
USRGR,Ranger,,,
USRSP,Raspberry Strait,,,
USRBL,Red Bluff,,,
USRDB,Red Dog,,,
USRMD,Redmond,,,
USRWF,Redwood Falls,,,
USRCT,Reed City,,,
USRFG,Refugio,,,
USREH,Rehoboth Beach,,,
USRNZ,Rensselaer,,,
USRIE,Rice Lake,,,
USRLD,Richland,,,
USRCR,Rochester,,,
USRCK,Rockdale,,,
USRLA,Rolla,,,
USFAL,Roma,,,
USREO,Rome,,,
USROL,Roosevelt,,,
USRBG,Roseburg,,,
USRTD,Rotunda,,,
USRPX,Roundup,,,
USRWB,Rowan Bay,,,
USRUI,Ruidoso,,,
USBYI,Rupert-Burley Apt,,,
USRSL,Russell,,,
USRSN,Ruston,,,
USSGW,Saginaw Bay,,,
USSAG,Sagwon,,,
USSJN,Saint Johns,,,
USSLT,Salida,,,
USSNS,Salinas,,,
USSAS,Salton City,,,
USSYL,San Miguel,,,
USSPQ,San Pedro,,,
USSRF,San Rafael,,,
USKSR,Sandy River,,,
USSCZ,Santa Clara,,,
USSRU,Santa Cruz,,,
USSZP,Santa Paula,,,
USSQA,Santa Ynez,,,
USWSF,Sarichef,,,
USSSM,Sault Sainte Marie,,,
USJMC,Sausalito,,,
USJMH,Schaumburg,,,
USSCB,Scribner,,,
USSRC,Searcy,,,
USDMO,Sedalia,,,
USSOV,Seldovia,,,
USSQV,Sequim,,,
USUOS,Sewanee,,,
USNRI,Shangri-la,,,
USSNL,Shawnee,,,
USSMU,Sheep Mountain,,,
USSBX,Shelby,,,
USSYI,Shelbyville,,,
USSHN,Shelton,,,
USPNX,Sherman-Denison,,,
USWSH,Shirley,,,
USHCB,Shoal Cove,,,
USSLG,Siloam Springs,,,
USSKJ,Sitkinak Island,,,
USSCJ,Smith Cove,,,
USMQY,Smyrna,,,
USSNK,Snyder,,,
USONM,Socorro,,,
USSOL,Solomon,,,
USNZW,South Weymouth,,,
USSAR,Sparta,,,
USCMY,Sparta,,,
USRTL,Spirit Lake,,,
USSYN,Stanton,,,
USTBR,Statesboro,,,
USWSB,Steamboat Bay,,,
USSEP,Stephenville,,,
USSVS,Stevens Village,,,
USSWO,Stillwater,,,
USSLB,Storm Lake,,,
USMMN,Stow,,,
USJSD,Stratford,,,
USSUD,Stroud,,,
USSSW,Stuart Island,,,
USIRS,Sturgis,,,
USSGT,Stuttgart,,,
USSIV,Sullivan,,,
USSLR,Sulphur Springs,,,
USUMM,Summit,,,
USSUO,Sun River,,,
USSUC,Sundance,,,
USSUW,Superior,,,
USSVE,Susanville,,,
USSYV,Sylvester,,,
USHNE,Tahneta Pass Lodge,,,
USTKL,Taku Lodge,,,
USTSG,Tanacross,,,
USTPO,Tanalian Point,,,
USTWE,Taylor,,,
USTYZ,Taylor,,,
USTSP,Tehachapi,,,
USTLF,Telida,,,
USTRL,Terrell,,,
USTEH,Tetlin,,,
USDLS,The Dalles,,,
USTHP,Thermopolis,,,
USTHM,Thompsonfield,,,
USJTO,Thousand Oaks,,,
USHAI,Three Rivers,,,
USKTH,Tikchik,,,
USVEX,Tioga,,,
USGFB,Togiak Fish,,,
USTKJ,Tok,,,
USTDO,Toledo,,,
USMJX,Toms River,,,
USTOR,Torrington,,,
USTRP,Tree Point,,,
USTRT,Tremonton,,,
USTRX,Trenton,,,
USTAD,Trinidad,,,
USTRH,Trona,,,
USTOI,Troy,,,
USTBC,Tuba City,,,
USTHA,Tullahoma,,,
USTGE,Tuskegee,,,
USWNC,Tuxekan Island,,,
USTNP,Twentynine Palms,,,
USUGI,Uganik,,,
USUGS,Ugashik,,,
USUKI,Ukiah,,,
USUMT,Umiat,,,
USUMB,Umnak Island,,,
USUCY,Union City,,,
USUSC,Union South Carolina,,,
USCCB,Upland,,,
USUIZ,Utica,,,
USKUY,Uyak,,,
USVAC,Vail,,,
USVTN,Valentine,,,
USVLE,Valle,,,
USVLO,Vallejo,,,
USVHN,Van Horn,,,
USVLA,Vandalia,,,
USVNC,Venice,,,
USVRS,Versailles,,,
USVIH,Vichy,,,
USVKS,Vicksburg,,,
USVDI,Vidalia,,,
USWAH,Wahpeton,,,
USBLW,Waimanalo,,,
USWDN,Waldron Island,,,
USARG,Walnut Ridge,,,
USRBW,Walterboro,,,
USWLM,Waltham,,,
USAXV,Wapakoneta,,,
USUWA,Ware,,,
USRRT,Warroad,,,
USOCW,Washington,,,
USWSG,Washington,,,
USWWA,Wasilla,,,
USKWF,Waterfall,,,
USWVL,Waterville,,,
USUKN,Waukon,,,
USWAY,Waynesburg,,,
USWEA,Weatherford,,,
USEPG,Weeping Water,,,
USLWL,Wells,,,
USELZ,Wellsville,,,
USVKW,West Kavik,,,
USXPU,West Kuparuk,,,
USWHT,Wharton,,,
USEAN,Wheatland,,,
USWTR,White River,,,
USSSU,White Sulphur Springs,,,
USHIE,Whitefield,,,
USNEN,Whitehouse,,,
USBRG,Whitesburg,,,
USIKB,Wilkesboro,,,
USILL,Willmar,,,
USWOW,Willow,,,
USWLW,Willows,,,
USQCW,Wilton,,,
USWGO,Winchester,,,
USWLC,Windsor Locks,,,
USWLD,Winfield,,,
USINF,Winfield,,,
USWMC,Winnemucca,,,
USISS,Wiscasset,,,
USLNP,Wise,,,
USWBN,Woburn,,,
USWWR,Woodward,,,
USOTG,Worthington,,,
USEYR,Yerington,,,
USOYS,Yosemite Ntl Park,,,
USRKC,Yreka,,,
USUCC,Yucca Flat,,,
USZZV,Zanesville,,,
UYDZO,Durazno,,,
UYMLZ,Melo,,,
UYPDU,Paysandu,,,
UYTAW,Tacuarembo,,,
UYTYT,Treinta y Tres,,,
UYVCH,Vichadero,,,
VECBS,Cabimas/Maracaibo L,,,
VECXA,Caicara de Orinoco,,,
VECLZ,Calabozo,,,
VEVCR,Carora,,,
VECUV,Casigua,,,
VECGU,Ciudad Guayana,,,
VEEOR,El Dorado,,,
VEELX,El Tigre,,,
VEEOZ,Elorza,,,
VEGDO,Guasdualito,,,
VEKTV,Kamarata,,,
VELAG,La Guaira,,,
VELGY,Lagunillas,,,
VEPTM,Palmarito,,,
VESCI,San Cristobal,,,
VESNF,San Felipe,,,
VETMO,Tumeremo,,,
VEURM,Uriman,,,
VEWOK,Wonken,,,
VGNGD,Anegada,,,
VGNSX,N. Sound/Virgin Gorda,,,
VGRAD,"Road Town, Tortola",,,
VGTOV,Tortola,,,
VNPHH,Phan Thiet,,,
VNHHO,Quanduc,,,
VNXNG,Quang Ngai,,,
VNTSN,Tan Son Nhat Apt,,,
VUGBA,Big Bay,,,
VUOLJ,Olpoi,,,
VUUIQ,Quine Hill,,,
WSLAV,Lalomalava,,,
YEEAB,Abbse,,,
YEDAH,Dathina,,,
YEDHL,Dhala,,,
YEDMR,Dhamar,,,
YEKAM,Kamaran,,,
YELDR,Lodar,,,
YEMYN,Mareb,,,
YEMFY,Mayfa'ah,,,
YEMKX,Mukalla,,,
YEUKR,Mukeiras,,,
YEIHN,Qishn,,,
YERXA,Raudha,,,
YESYE,Sadah,,,
ZAHBL,Babelegi,,,
ZAUTE,Butterworth,,,
ZACDO,Cradock,,,
ZADUK,Dukuduk,,,
ZAEMG,Empangeni,,,
ZAFCB,Ficksburg,,,
ZAGIY,Giyani,,,
ZAHRS,Harrismith,,,
ZAHZV,Hazyview,,,
ZAHLW,Hluhluwe,,,
ZAKHO,Khoka Moya,,,
ZAKXE,Klerksdorp,,,
ZAKOF,Komatipoort,,,
ZAKMH,Kuruman,,,
ZALMR,Lime Acres,,,
ZALCD,Louis Trichardt,,,
ZALUJ,Lusikisiki,,,
ZAMFK,Mafikeng,,,
ZALLE,Malelane,,,
ZAMBM,Mkambati,,,
ZAMZQ,Mkuze,,,
ZAMZY,Mossel Bay,,,
ZAMWR,Motswari,,,
ZAMZF,Mzamba(Wild Coast Sun),,,
ZANGL,Ngala,,,
ZAOUH,Oudtshoorn,,,
ZAPBZ,Plettenberg Bay,,,
ZAAFD,Port Alfred,,,
ZAPRK,Prieska,,,
ZARVO,Reivilo,,,
ZAROD,Robertson,,,
ZASDB,Saldanha Bay,,,
ZAZEC,Secunda,,,
ZATDT,Tanda Tula,,,
ZATCU,Thaba Nchu,,,
ZATHY,Thohoyandou,,,
ZATSD,Tshipise,,,
ZAULX,Ulusaba,,,
ZAVRE,Vredendal,,,
ZAVYD,Vryheid,,,
ZMCGJ,Chingola,,,
ZMQKE,Kabwe,,,
ZMKLB,Kalabo,,,
ZMKMZ,Kaoma,,,
ZMKAA,Kasama,,,
ZMZKP,Kasompe,,,
ZMLXU,Lukulu,,,
ZMMNS,Mansa,,,
ZMMMQ,Mbala,,,
ZMMNR,Mongu,,,
ZMZGM,Ngoma,,,
ZMSXG,Senanga,,,
ZMSJQ,Sesheke,,,
ZMBBZ,Zambezi,,,
ZWBZH,Bumi Hills,,,
ZWCHJ,Chipinge,,,
ZWWKI,Hwange,,,
ZWMJW,Mahenye,,,
ZWUTA,Mutare,,,
